REEF_NAME;SITE_NAME;HAB;LATITUDE;LONGITUDE;DEPTH_M;ARCH;UNIQUE_LABEL;SST_PERIOD_PRIMARY;SST_FAP_PRIMARY;DLI_PERIOD_PRIMARY;DLI_FAP_PRIMARY;CHL_PERIOD_PRIMARY;CHL_FAP_PRIMARY;SST_PERIOD_SECONDARY;SST_FAP_SECONDARY;DLI_PERIOD_SECONDARY;DLI_FAP_SECONDARY;CHL_PERIOD_SECONDARY;CHL_FAP_SECONDARY
ARC;PNO;RR;-17,959;-38,701;5,4;outer;PNO (5.4m);365,0182196772514;0,0;368,8594783962631;4,9134027934697946e-225;368,8594783962631;3,0131990006663392e-27;33,21403759920844;1,2878312435066885e-36;28,114986483813542;8,171802103084382e-05;2,301427530561028;0,04001542322060761
ARC;SIR;RR;-17,968;-38,707;3,1;outer;SIR (3.1m);365,0182196772514;0,0;368,8594783962631;2,812388683410227e-258;368,8594783962631;3,0131990006663392e-27;33,21403759920844;1,2878312435066885e-36;28,114986483813542;7,41028461028531e-08;2,301427530561028;0,04001542322060761
ARC;FAR;RR;-17,965;-38,694;5,8;outer;FAR (5.8m);365,0182196772514;0,0;368,8594783962631;1,4229790360774943e-220;368,8594783962631;3,0131990006663392e-27;33,21403759920844;1,3449700236725136e-36;28,14839263317711;0,00018582302837746303;2,301427530561028;0,04001542322060761
ARC;GUA;RR;-17,96;-38,692;5,4;outer;GUA (5.4m);365,0182196772514;0,0;368,8594783962631;4,9134027934697946e-225;368,8594783962631;3,0131990006663392e-27;33,21403759920844;1,3449700236725136e-36;28,114986483813542;8,171802103084382e-05;2,301427530561028;0,04001542322060761
ARC;MVE;RR;-17,964;-38,702;4,1;outer;MVE (4.1m);365,0182196772514;0,0;368,8594783962631;4,101589421173247e-242;368,8594783962631;3,0131990006663392e-27;33,21403759920844;1,2878312435066885e-36;28,114986483813542;2,6063946101232237e-06;2,301427530561028;0,04001542322060761
ITA ;ITA1;TP;-16,899;-39,063;1,3;inner;ITA1 (1.3m);365,0182196772514;0,0;363,17606444188726;0,0;368,8352162056876;1,3811787419123492e-34;112,09236234458258;3,1505840514647526e-32;33,22105263157894;6,647439501141195e-08;14,752259270800872;5,890592373454765e-07
ITA ;ITA1;PA;-16,899;-39,063;4,2;inner;ITA1 (4.2m);365,0182196772514;0,0;368,8352162056876;3,5292631624269886e-152;368,8352162056876;1,3811787419123492e-34;112,09236234458258;3,1505840514647526e-32;2,2859626249456757;1,7383900590107578e-07;14,752259270800872;5,890592373454765e-07
ITA ;ITA2;TP;-16,905;-39,041;2,2;inner;ITA2 (2.2m);365,0182196772514;0,0;363,17606444188726;4,4295376e-317;363,17606444188726;1,660724838399653e-108;112,23589670626734;4,066340951290181e-32;28,128342245989305;5,049762801661616e-06;;
ITA ;ITA2;PA;-16,905;-39,041;6,2;inner;ITA2 (6.2m);365,0182196772514;0,0;363,17606444188726;8,904114682668558e-197;363,17606444188726;1,660724838399653e-108;112,23589670626734;4,066340951290181e-32;;;;
ITA ;ITA3;PA;-16,903;-39,031;12,3;inner;ITA3 (12.3m);365,0182196772514;0,0;368,8352162056876;1,174633529953771e-149;363,17606444188726;1,660724838399653e-108;112,23589670626734;4,066340951290181e-32;;;;
ITA ;ITA4;TP;-16,896;-39,063;1,5;inner;ITA4 (1.5m);365,0182196772514;0,0;363,17606444188726;1,5465508081618245e-307;368,8352162056876;1,3811787419123492e-34;112,09236234458258;3,1505840514647526e-32;33,22105263157894;4,385718260919645e-06;14,752259270800872;5,890592373454765e-07
ITA ;ITA4;PA;-16,896;-39,063;4,5;inner;ITA4 (4.5m);365,0182196772514;0,0;368,8352162056876;1,938663147627725e-143;368,8352162056876;1,3811787419123492e-34;112,09236234458258;3,1505840514647526e-32;2,2859626249456757;1,1425979188795294e-07;14,752259270800872;5,890592373454765e-07
ITA ;ITA5;TP;-16,901;-39,042;1,5;inner;ITA5 (1.5m);365,0182196772514;0,0;363,17606444188726;1,5465508081618245e-307;368,8352162056876;1,3811787419123492e-34;112,23589670626734;4,066340951290181e-32;33,22105263157894;4,385718260919645e-06;14,752259270800872;5,890592373454765e-07
ITA ;ITA5;PA;-16,901;-39,042;3,6;inner;ITA5 (3.6m);365,0182196772514;0,0;363,17606444188726;4,5748612958762036e-173;368,8352162056876;1,3811787419123492e-34;112,23589670626734;4,066340951290181e-32;2,2859626249456757;4,8227169992338e-07;14,752259270800872;5,890592373454765e-07
ITA ;ITA6;TP;-16,892;-39,063;1,4;inner;ITA6 (1.4m);365,0182196772514;0,0;363,17606444188726;9,532893e-318;368,8352162056876;1,3811787419123492e-34;112,09236234458258;3,1505840514647526e-32;33,22105263157894;6,222038132310941e-07;14,752259270800872;5,890592373454765e-07
ITA ;ITA6;PA;-16,892;-39,063;4,3;inner;ITA6 (4.3m);365,0182196772514;0,0;368,8352162056876;3,6649789436559365e-149;368,8352162056876;1,3811787419123492e-34;112,09236234458258;3,1505840514647526e-32;2,2859626249456757;1,5026315815576376e-07;14,752259270800872;5,890592373454765e-07
ITA ;ITA7;TP;-16,898;-39,04;2,6;inner;ITA7 (2.6m);365,0182196772514;0,0;363,17606444188726;2,618271631126263e-294;363,17606444188726;1,660724838399653e-108;112,09236234458258;2,3710638774612223e-31;28,128342245989305;0,00011296991658525174;;
ITA ;ITA7;PA;-16,898;-39,04;5,6;inner;ITA7 (5.6m);365,0182196772514;0,0;363,17606444188726;6,884823343434806e-206;363,17606444188726;1,660724838399653e-108;112,09236234458258;2,3710638774612223e-31;;;;
ITA ;ITA-NT1;TP;-16,909;-39,06;1,7;inner;ITA-NT1 (1.7m);365,0182196772514;0,0;363,17606444188726;2,0382885675800038e-288;368,8352162056876;1,3811787419123492e-34;112,09236234458258;5,105401189543025e-33;33,22105263157894;0,00010794069103141623;14,752259270800872;5,890592373454765e-07
ITA ;ITA-NT1;PA;-16,909;-39,06;4,6;inner;ITA-NT1 (4.6m);365,0182196772514;0,0;368,8352162056876;1,0097509115012717e-140;368,8352162056876;1,3811787419123492e-34;112,09236234458258;5,105401189543025e-33;2,2859626249456757;1,0045547186258472e-07;14,752259270800872;5,890592373454765e-07
ITA ;ITA-NT2;PA;-16,912;-39,038;6,7;inner;ITA-NT2 (6.7m);365,0182196772514;0,0;363,17606444188726;3,045402289510701e-190;363,17606444188726;1,660724838399653e-108;112,23589670626734;4,066340951290181e-32;;;;
ITA ;ITA-NT3;PA;-16,914;-39,03;11,9;inner;ITA-NT3 (11.9m);365,0182196772514;0,0;368,8352162056876;1,737179056811902e-151;363,17606444188726;1,660724838399653e-108;112,23589670626734;4,066340951290181e-32;;;;
PAB;PAB1;TP;-17,991;-38,65;5,9;outer;PAB1 (5.9m);365,0182196772514;0,0;368,8594783962631;1,3990340718370247e-249;368,8594783962631;5,603193433080418e-21;33,21403759920844;1,3449700236725136e-36;33,10457262634888;3,373043015671951e-08;40,24728645587541;1,4314415824753154e-05
PAB;PAB1;PA;-17,991;-38,65;14,7;outer;PAB1 (14.7m);365,0182196772514;0,0;368,8594783962631;4,514008204819905e-180;368,8594783962631;5,603193433080418e-21;33,21403759920844;1,3449700236725136e-36;130,4435607219333;0,005009187454965577;40,24728645587541;1,4314415824753154e-05
PAB;PAB2;TP;-17,983;-38,667;7,3;outer;PAB2 (7.3m);365,0182196772514;0,0;368,8594783962631;1,6577300118734494e-206;368,8594783962631;3,0131990006663392e-27;33,21403759920844;1,3449700236725136e-36;28,14839263317711;0,0020840334071953967;2,301427530561028;0,04001542322060761
PAB;PAB2;PA;-17,983;-38,667;16,9;outer;PAB2 (16.9m);365,0182196772514;0,0;368,8594783962631;3,7617116163090275e-164;368,8594783962631;3,0131990006663392e-27;33,21403759920844;1,3449700236725136e-36;131,16579513995694;0,02898860974306235;2,301427530561028;0,04001542322060761
PAB;PAB3;TP;-17,998;-38,671;6,9;outer;PAB3 (6.9m);365,0182196772514;0,0;368,8594783962631;6,842013736125726e-210;368,8594783962631;3,0131990006663392e-27;33,21403759920844;1,3449700236725136e-36;28,14839263317711;0,0011841540761952588;2,301427530561028;0,04001542322060761
PAB;PAB3;PA;-17,998;-38,671;17,0;outer;PAB3 (17.0m);365,0182196772514;0,0;368,8594783962631;6,6316801165343435e-164;368,8594783962631;3,0131990006663392e-27;33,21403759920844;1,3449700236725136e-36;131,16579513995694;0,028806594305833644;2,301427530561028;0,04001542322060761
PAB;PAB4;TP;-17,959;-38,655;7,7;outer;PAB4 (7.7m);365,0182196772514;0,0;368,8594783962631;2,182090750077955e-228;368,8594783962631;5,603193433080418e-21;33,21403759920844;1,3449700236725136e-36;33,10457262634888;8,951869793232218e-06;40,24728645587541;1,4314415824753154e-05
PAB;PAB4;PA;-17,959;-38,655;15,2;outer;PAB4 (15.2m);365,0182196772514;0,0;368,8594783962631;9,88413332322227e-178;368,8594783962631;5,603193433080418e-21;33,21403759920844;1,3449700236725136e-36;130,4435607219333;0,005434823099455747;40,24728645587541;1,4314415824753154e-05
PAB;PAB5;TP;-17,944;-38,659;5,6;outer;PAB5 (5.6m);365,0182196772514;0,0;368,8594783962631;7,176873587823034e-257;368,8594783962631;1,5789943403614108e-23;33,21403759920844;1,1232032241342367e-35;33,10457262634888;1,788495556762403e-08;40,24728645587541;4,710240980892472e-05
PAB;PAB5;PA;-17,944;-38,659;15,0;outer;PAB5 (15.0m);365,0182196772514;0,0;368,8594783962631;3,940157739364784e-186;368,8594783962631;1,5789943403614108e-23;33,21403759920844;1,1232032241342367e-35;33,15089792427894;0,014160595572477805;40,24728645587541;4,710240980892472e-05
UCR;ARE;TP;-17,666;-38,997;5,2;inner;ARE (5.2m);365,0182196772514;0,0;363,1619339984651;3,755326113558419e-189;363,1619339984651;9,905747131091125e-51;33,21403759920844;4,450463356373494e-38;33,35003915426782;0,014270882280336163;14,764942449036196;0,0026914883123163565
UCR;ARE;PA;-17,666;-38,997;8,8;inner;ARE (8.8m);365,0182196772514;0,0;363,1619339984651;2,2442421526294706e-149;363,1619339984651;9,905747131091125e-51;33,21403759920844;4,450463356373494e-38;14,764942449036196;0,01254961962875445;14,764942449036196;0,0026914883123163565
UCR;PA2;TP;-17,88;-38,938;4,4;inner;PA2 (4.4m);365,0182196772514;0,0;362,96296296296293;1,768688052859605e-157;362,96296296296293;6,78437932182454e-15;33,21403759920844;6,285013512598886e-39;33,18908748824083;0,0005707529369393887;;
UCR;PA2;PA;-17,88;-38,938;10,8;inner;PA2 (10.8m);365,0182196772514;0,0;362,96296296296293;7,703268442485967e-104;362,96296296296293;6,78437932182454e-15;33,21403759920844;6,285013512598886e-39;;;;
UCR;PLE;TP;-17,783;-39,051;2,3;inner;PLE (2.3m);365,0182196772514;0,0;363,1619339984651;1,1751515959771408e-254;363,1619339984651;1,1045681812469058e-39;33,21403759920844;9,865417805542317e-44;33,209606986899566;0,005389972038753453;;
UCR;PLE;PA;-17,783;-39,051;6,1;inner;PLE (6.1m);365,0182196772514;0,0;363,1619339984651;5,889087490611336e-128;363,1619339984651;1,1045681812469058e-39;33,21403759920844;9,865417805542317e-44;;;;
UCR;SGO;TP;-17,913;-39,145;3,2;inner;SGO (3.2m);365,0182196772514;0,0;363,03427031189835;1,0956526835986407e-154;363,03427031189835;1,5677718599936732e-13;33,21403759920844;5,576374081326151e-46;15,872647686033897;0,009921346608282887;;
UCR;SGO;PA;-17,913;-39,145;8,2;inner;SGO (8.2m);365,0182196772514;0,0;363,03427031189835;7,849462994659152e-77;363,03427031189835;1,5677718599936732e-13;33,21403759920844;5,576374081326151e-46;;;;
TIM ;TIM1;TP;-17,482;-39,013;4,7;inner;TIM1 (4.7m);365,0182196772514;0,0;368,75;8,391028158646146e-233;368,75;1,4899354393343728e-33;33,21403759920844;1,8135195940826103e-37;28,091522285411983;4,1255928100569315e-05;;
TIM ;TIM1;PA;-17,482;-39,013;9,5;inner;TIM1 (9.5m);365,0182196772514;0,0;368,75;2,469405728771015e-164;368,75;1,4899354393343728e-33;33,21403759920844;1,8135195940826103e-37;28,091522285411983;0,04531302862437614;;
TIM ;TIM2;TP;-17,477;-39,027;6,0;inner;TIM2 (6.0m);365,0182196772514;0,0;368,75;1,807485062810561e-206;368,75;1,4899354393343728e-33;33,21403759920844;1,8135195940826103e-37;28,091522285411983;0,0009263015462412771;;
TIM ;TIM2;PA;-17,477;-39,027;11,9;inner;TIM2 (11.9m);365,0182196772514;0,0;368,75;1,1659369278276867e-147;368,75;1,4899354393343728e-33;33,21403759920844;1,8135195940826103e-37;;;;
TIM ;TIM3;TP;-17,46;-39,031;5,6;inner;TIM3 (5.6m);365,0182196772514;0,0;368,75;1,1123936270514614e-213;368,75;1,4899354393343728e-33;33,21403759920844;1,8135195940826103e-37;28,091522285411983;0,00042087972003281205;;
TIM ;TIM3;PA;-17,46;-39,031;10,5;inner;TIM3 (10.5m);365,0182196772514;0,0;368,75;1,301037715942834e-156;368,75;1,4899354393343728e-33;33,21403759920844;1,8135195940826103e-37;;;;
