COL;YEAR;REEF;SITE;HAB;AR_TOTAL;HEALTH %;BLEACHING %;DEAD %;AR_TURF %;AR_CCA %;AR_CYANO %;AR_MACROALGAE %;AR_DEADTISSUE %;SUR_TURF %;SUR_CCA %;SUR_CYANO %;SUR_HALIMEDA %;SUR_DICTYOTA %;SUR_OTHMACR %;SUR_PALYTHOA %;SUR_OTHZOANT %;SUR_SPONGES %;SUR_CORAL %;SUR_SAND %;SUR_NON-BIOTIC %;SUR_OTHERLIVE %
1;2006;ARC;FAR;RR;5.098;55.179;44.821;0.000;0.000;0.000;0.000;0.000;0.000;86.384;13.654;0.000;0.000;0.000;0.000;0.000;0.000;0.000;0.000;0.000;0.000;0.000
1;2007;ARC;FAR;RR;8.224;64.487;32.077;3.436;3.436;0.000;0.000;0.000;0.000;100.000;0.000;0.000;0.000;0.000;0.000;0.000;0.000;0.000;0.000;0.000;0.000;0.000
1;2008;ARC;FAR;RR;8.348;66.782;33.218;0.000;0.000;0.000;0.000;0.000;0.000;59.545;14.112;4.324;0.000;0.000;0.000;0.000;0.000;0.000;21.127;0.000;0.000;0.000
2;2006;ARC;FAR;RR;19.15;40.814;46.742;12.445;0.000;8.099;0.000;4.346;0.000;57.284;20.277;7.790;0.000;8.789;0.000;0.000;0.000;0.000;5.843;0.000;0.000;0.000
2;2007;ARC;FAR;RR;22.47;57.473;38.514;19.808;15.794;0.000;0.000;4.014;0.000;55.192;0.000;9.843;0.000;33.969;0.000;0.000;0.000;0.000;0.000;0.000;0.000;0.000
2;2008;ARC;FAR;RR;19.08;42.133;10.204;47.662;7.835;0.000;8.276;0.000;31.551;45.202;0.000;21.515;0.000;0.000;16.759;0.000;0.000;0.000;16.343;0.000;0.000;0.000
3;2006;ARC;FAR;RR;8.857;31.851;47.635;20.515;0.000;0.000;0.000;0.000;20.515;47.286;16.175;5.572;0.000;0.000;0.000;0.000;0.000;0.000;30.956;0.000;0.000;0.000
3;2007;ARC;FAR;RR;7.207;24.096;29.555;46.349;24.365;0.000;5.805;0.000;16.179;13.022;7.813;0.000;0.000;0.000;0.000;0.000;0.000;0.000;42.448;36.722;0.000;0.000
3;2008;ARC;FAR;RR;10.29;0.000;1.905;98.095;0.000;0.000;0.000;98.095;0.000;17.676;0.000;17.312;0.000;51.735;0.000;0.000;0.000;0.000;12.470;0.000;0.000;0.000
4;2006;ARC;FAR;RR;2.585;53.133;40.812;6.054;6.054;0.000;0.000;0.000;0.000;64.631;0.000;0.000;0.000;0.000;0.000;0.000;0.000;0.000;0.000;35.387;0.000;0.000
4;2007;ARC;FAR;RR;4.003;48.501;50.287;1.212;1.212;0.000;0.000;0.000;0.000;74.673;0.000;0.000;0.000;0.000;0.000;0.000;0.000;0.000;0.000;25.343;0.000;0.000
4;2008;ARC;FAR;RR;6.526;58.932;33.819;7.249;7.249;0.000;0.000;0.000;0.000;57.666;10.386;0.000;0.000;0.000;0.000;0.000;0.000;0.000;0.000;31.955;0.000;0.000
5;2006;ARC;FAR;RR;10.31;79.088;20.912;0.000;0.000;0.000;0.000;0.000;0.000;64.173;0.000;2.381;0.000;0.000;0.000;0.000;0.000;0.000;0.000;33.474;0.000;0.000
5;2007;ARC;FAR;RR;11;85.209;14.791;0.000;0.000;0.000;0.000;0.000;0.000;46.332;0.000;0.000;0.000;16.010;0.000;0.000;0.000;0.000;0.000;37.666;0.000;0.000
5;2008;ARC;FAR;RR;11.05;71.584;14.217;14.199;0.000;0.000;14.199;0.000;0.000;35.837;0.000;34.159;0.000;0.000;0.000;0.000;0.000;0.000;0.000;29.996;0.000;0.000
6;2006;ARC;FAR;RR;17.41;48.458;40.000;11.542;11.542;0.000;0.000;0.000;0.000;100.000;0.000;0.000;0.000;0.000;0.000;0.000;0.000;0.000;0.000;0.000;0.000;0.000
6;2007;ARC;FAR;RR;18.79;55.242;35.056;9.702;9.702;0.000;0.000;0.000;0.000;97.471;0.000;0.000;0.000;0.000;0.000;0.000;0.000;0.000;0.000;0.000;0.000;2.509
6;2008;ARC;FAR;RR;18.73;51.794;38.991;9.215;9.215;0.000;0.000;0.000;0.000;83.146;0.000;0.000;0.000;0.000;0.000;0.000;0.000;0.000;0.000;0.000;12.719;4.148
7;2006;ARC;FAR;RR;4.701;32.799;64.284;2.916;2.916;0.000;0.000;0.000;0.000;47.586;3.384;0.000;0.000;0.000;0.000;0.000;0.000;0.000;30.452;18.613;0.000;0.000
7;2007;ARC;FAR;RR;6.039;25.357;73.373;1.270;1.270;0.000;0.000;0.000;0.000;59.297;21.243;0.000;0.000;0.000;0.000;0.000;0.000;0.000;0.000;19.435;0.000;0.000
7;2008;ARC;FAR;RR;8.388;16.754;69.552;13.695;0.000;3.754;0.000;9.940;0.000;0.000;49.098;0.000;0.000;22.361;0.000;0.000;0.000;0.000;0.000;28.552;0.000;0.000
1;2006;ARC;GUA;RR;15.32;20.320;72.977;6.703;6.703;0.000;0.000;0.000;0.000;83.242;0.000;0.000;0.000;0.000;0.000;0.000;16.758;0.000;0.000;0.000;0.000;0.000
1;2007;ARC;GUA;RR;14.27;41.338;56.251;2.411;2.411;0.000;0.000;0.000;0.000;83.240;0.000;0.000;0.000;0.000;0.000;0.000;16.767;0.000;0.000;0.000;0.000;0.000
1;2008;ARC;GUA;RR;20.63;51.832;45.124;3.044;0.000;0.000;0.000;0.000;3.044;82.633;0.000;0.000;0.000;0.000;0.000;0.000;17.367;0.000;0.000;0.000;0.000;0.000
2;2006;ARC;GUA;RR;8.226;34.286;58.923;6.791;6.791;0.000;0.000;0.000;0.000;46.596;27.168;26.237;0.000;0.000;0.000;0.000;0.000;0.000;0.000;0.000;0.000;0.000
2;2007;ARC;GUA;RR;11.89;29.119;29.209;41.672;0.000;5.373;0.000;0.000;36.299;0.000;86.116;13.097;0.000;0.000;0.000;0.000;0.000;0.000;0.000;0.000;0.000;0.000
2;2008;ARC;GUA;RR;7.694;3.143;0.000;96.857;0.000;93.761;3.096;0.000;0.000;0.000;65.752;34.239;0.000;0.000;0.000;0.000;0.000;0.000;0.000;0.000;0.000;0.000
1;2006;ARC;MVE;RR;11.47;47.868;46.574;5.558;3.562;0.000;0.000;0.000;1.996;64.007;35.891;0.000;0.000;0.000;0.000;0.000;0.000;0.000;0.000;0.000;0.000;0.000
1;2007;ARC;MVE;RR;15.49;30.994;47.728;21.278;21.278;0.000;0.000;0.000;0.000;95.886;4.123;0.000;0.000;0.000;0.000;0.000;0.000;0.000;0.000;0.000;0.000;0.000
1;2008;ARC;MVE;RR;16.98;49.217;50.783;0.000;0.000;0.000;0.000;0.000;0.000;36.643;24.110;0.000;0.000;0.000;0.000;0.000;0.000;0.000;0.000;38.975;0.000;0.000
2;2006;ARC;MVE;RR;4.991;36.706;63.294;0.000;0.000;0.000;0.000;0.000;0.000;60.074;10.989;24.178;0.000;0.000;0.000;0.000;0.000;0.000;4.762;0.000;0.000;0.000
2;2007;ARC;MVE;RR;5.255;32.426;57.203;10.371;10.371;0.000;0.000;0.000;0.000;68.351;0.000;14.674;0.000;0.000;0.000;0.000;0.000;0.000;16.671;0.000;0.000;0.000
2;2008;ARC;MVE;RR;4.139;27.768;22.800;49.432;0.000;0.000;0.000;49.432;0.000;23.692;0.000;0.000;0.000;38.738;0.000;0.000;0.000;0.000;37.576;0.000;0.000;0.000
1;2006;ARC;PNO;RR;3.141;2.833;64.406;32.760;32.760;0.000;0.000;0.000;0.000;100.000;0.000;0.000;0.000;0.000;0.000;0.000;0.000;0.000;0.000;0.000;0.000;0.000
1;2007;ARC;PNO;RR;5.609;55.054;44.946;0.000;0.000;0.000;0.000;0.000;0.000;73.469;0.000;26.429;0.000;0.000;0.000;0.000;0.000;0.000;0.000;0.000;0.000;0.000
1;2008;ARC;PNO;RR;7.442;54.792;26.915;18.293;3.846;0.000;14.448;0.000;0.000;51.800;0.000;48.225;0.000;0.000;0.000;0.000;0.000;0.000;0.000;0.000;0.000;0.000
2;2006;ARC;PNO;RR;4.04;7.181;24.077;68.743;53.837;0.000;9.040;0.000;5.866;48.832;0.000;51.168;0.000;0.000;0.000;0.000;0.000;0.000;0.000;0.000;0.000;0.000
2;2007;ARC;PNO;RR;3.68;38.685;36.141;25.174;0.000;0.000;9.003;0.000;16.171;62.687;11.638;13.779;0.000;7.580;0.000;0.000;0.000;0.000;0.000;0.000;0.000;0.000
2;2008;ARC;PNO;RR;3.84;43.789;47.656;8.555;0.000;0.000;0.000;0.000;8.555;62.759;32.576;4.668;0.000;0.000;0.000;0.000;0.000;0.000;0.000;0.000;0.000;0.000
1;2006;ARC;SIR;RR;23.25;18.452;63.656;17.892;17.892;0.000;0.000;0.000;0.000;59.233;0.000;13.287;0.000;0.000;0.000;0.000;0.000;0.000;0.000;0.000;27.256;0.000
1;2007;ARC;SIR;RR;22.84;23.387;38.393;38.219;2.304;0.000;0.000;35.915;0.000;43.674;3.604;0.000;0.000;36.633;0.000;0.000;0.000;0.000;0.000;0.000;16.080;0.000
1;2008;ARC;SIR;RR;32.02;17.352;35.009;47.639;39.756;0.000;0.000;7.883;0.000;26.241;0.000;35.990;0.000;0.000;11.250;0.000;0.000;0.000;0.000;0.000;26.518;0.000
2;2006;ARC;SIR;RR;4.787;16.844;80.217;2.939;0.000;0.000;0.000;0.000;2.939;100.000;0.000;0.000;0.000;0.000;0.000;0.000;0.000;0.000;0.000;0.000;0.000;0.000
2;2007;ARC;SIR;RR;11.57;28.894;71.106;0.000;0.000;0.000;0.000;0.000;0.000;89.335;0.000;0.000;0.000;0.000;0.000;4.095;0.000;0.000;0.000;0.000;6.566;0.000
2;2008;ARC;SIR;RR;15.05;19.824;78.472;1.704;0.000;0.000;0.000;0.000;1.704;14.947;0.000;0.000;0.000;0.000;85.087;0.000;0.000;0.000;0.000;0.000;0.000;0.000
1;2006;ITA;ITA1;PA;7.149;73.898;15.093;11.009;11.009;0.000;0.000;0.000;0.000;64.163;35.837;0.000;0.000;0.000;0.000;0.000;0.000;0.000;0.000;0.000;0.000;0.000
1;2007;ITA;ITA1;PA;10.23;66.246;33.754;0.000;0.000;0.000;0.000;0.000;0.000;68.659;0.000;0.000;0.000;0.000;0.000;0.000;0.000;14.231;0.000;0.000;17.144;0.000
1;2008;ITA;ITA1;PA;12.36;80.105;10.550;9.345;9.345;0.000;0.000;0.000;0.000;80.964;0.000;19.064;0.000;0.000;0.000;0.000;0.000;0.000;0.000;0.000;0.000;0.000
2;2006;ITA;ITA1;TP;20.08;9.741;54.133;36.125;36.125;0.000;0.000;0.000;0.000;100.000;0.000;0.000;0.000;0.000;0.000;0.000;0.000;0.000;0.000;0.000;0.000;0.000
2;2007;ITA;ITA1;TP;25.29;10.858;53.737;35.405;35.405;0.000;0.000;0.000;0.000;77.043;0.000;0.000;0.000;0.000;0.000;0.000;0.000;0.000;22.959;0.000;0.000;0.000
2;2008;ITA;ITA1;TP;23.97;8.298;36.800;54.902;54.902;0.000;0.000;0.000;0.000;74.289;0.000;0.000;0.000;0.000;0.000;0.000;0.000;0.000;25.719;0.000;0.000;0.000
3;2006;ITA;ITA1;TP;31.84;3.329;36.558;60.113;60.113;0.000;0.000;0.000;0.000;67.426;0.000;0.000;0.000;32.574;0.000;0.000;0.000;0.000;0.000;0.000;0.000;0.000
3;2007;ITA;ITA1;TP;45.63;2.608;27.635;69.757;69.757;0.000;0.000;0.000;0.000;69.594;0.000;0.000;0.000;30.406;0.000;0.000;0.000;0.000;0.000;0.000;0.000;0.000
3;2008;ITA;ITA1;TP;44.25;9.061;19.243;71.696;30.847;0.000;1.341;39.507;0.000;68.010;0.000;31.990;0.000;0.000;0.000;0.000;0.000;0.000;0.000;0.000;0.000;0.000
4;2006;ITA;ITA1;TP;8.935;23.111;63.313;13.576;13.576;0.000;0.000;0.000;0.000;86.250;0.000;0.000;0.000;0.000;0.000;0.000;0.000;0.000;13.714;0.000;0.000;0.000
4;2007;ITA;ITA1;TP;9.864;24.818;62.145;13.037;13.037;0.000;0.000;0.000;0.000;88.085;0.000;0.000;0.000;0.000;0.000;0.000;0.000;0.000;11.915;0.000;0.000;0.000
4;2008;ITA;ITA1;TP;11.96;33.077;38.069;28.855;11.254;0.000;0.000;0.000;17.600;59.744;0.000;27.423;0.000;0.000;0.000;0.000;0.000;0.000;12.854;0.000;0.000;0.000
1;2006;ITA;ITA3;PA;12.86;84.526;8.243;7.231;7.231;0.000;0.000;0.000;0.000;81.940;0.000;18.072;0.000;0.000;0.000;0.000;0.000;0.000;0.000;0.000;0.000;0.000
1;2007;ITA;ITA3;PA;14.7;78.199;5.665;16.136;0.000;0.000;16.136;0.000;0.000;52.933;0.000;20.348;0.000;26.729;0.000;0.000;0.000;0.000;0.000;0.000;0.000;0.000
1;2008;ITA;ITA3;PA;20.67;59.525;6.164;34.312;18.394;0.000;0.000;15.918;0.000;49.014;0.000;11.554;0.000;0.000;39.437;0.000;0.000;0.000;0.000;0.000;0.000;0.000
2;2006;ITA;ITA3;PA;38.77;90.039;5.440;4.521;2.360;0.000;0.000;0.000;2.162;68.426;23.938;0.000;0.000;0.000;0.000;0.000;0.000;0.000;0.000;0.000;0.000;7.696
2;2007;ITA;ITA3;PA;42.67;86.405;7.150;6.445;6.445;0.000;0.000;0.000;0.000;76.403;3.657;10.413;0.000;0.000;0.000;0.000;0.000;0.000;0.000;0.000;0.000;9.528
2;2008;ITA;ITA3;PA;49.92;74.944;5.719;19.337;7.296;0.000;0.000;12.042;0.000;15.752;0.000;0.000;0.000;0.000;55.409;0.000;0.000;0.000;0.000;0.000;28.838;0.000
3;2006;ITA;ITA3;PA;51.3;87.045;12.955;0.000;0.000;0.000;0.000;0.000;0.000;68.790;2.037;29.193;0.000;0.000;0.000;0.000;0.000;0.000;0.000;0.000;0.000;0.000
3;2007;ITA;ITA3;PA;57.46;95.164;4.836;0.000;0.000;0.000;0.000;0.000;0.000;54.340;0.000;6.613;0.000;25.922;0.000;0.000;0.000;13.145;0.000;0.000;0.000;0.000
3;2008;ITA;ITA3;PA;56.16;94.019;4.651;1.330;0.322;0.000;0.000;1.007;0.000;70.146;0.000;14.675;0.000;0.000;15.187;0.000;0.000;0.000;0.000;0.000;0.000;0.000
1;2006;ITA;ITA4;PA;44.41;58.644;22.180;19.176;19.176;0.000;0.000;0.000;0.000;83.512;0.000;0.000;0.000;0.000;0.000;16.490;0.000;0.000;0.000;0.000;0.000;0.000
1;2007;ITA;ITA4;PA;46.55;55.276;17.033;27.691;27.691;0.000;0.000;0.000;0.000;95.076;0.000;0.000;0.000;0.000;0.000;4.916;0.000;0.000;0.000;0.000;0.000;0.000
1;2008;ITA;ITA4;PA;52.7;41.954;28.634;29.412;29.412;0.000;0.000;0.000;0.000;88.844;0.000;0.000;0.000;0.000;0.000;4.083;0.000;7.068;0.000;0.000;0.000;0.000
2;2006;ITA;ITA4;PA;12.82;91.669;8.331;0.000;0.000;0.000;0.000;0.000;0.000;80.534;0.000;0.000;0.000;0.000;0.000;0.000;0.000;0.000;14.845;0.000;4.074;0.000
2;2007;ITA;ITA4;PA;13.5;97.221;2.779;0.000;0.000;0.000;0.000;0.000;0.000;84.327;0.000;0.000;0.000;0.000;0.000;0.000;0.000;0.000;0.000;0.000;15.657;0.000
2;2008;ITA;ITA4;PA;16.46;83.757;3.120;13.123;13.123;0.000;0.000;0.000;0.000;76.256;0.000;0.000;0.000;0.000;0.000;0.000;0.000;0.000;0.000;0.000;23.738;0.000
3;2006;ITA;ITA4;PA;9.363;14.617;79.334;6.049;6.049;0.000;0.000;0.000;0.000;85.891;0.000;0.000;0.000;0.000;0.000;0.000;0.000;0.000;0.000;0.000;11.508;0.000
3;2007;ITA;ITA4;PA;11.41;15.092;69.755;15.153;15.153;0.000;0.000;0.000;0.000;62.429;0.000;0.000;19.595;0.000;0.000;0.000;0.000;0.000;0.000;0.000;17.981;0.000
3;2008;ITA;ITA4;PA;20.09;57.237;42.763;0.000;0.000;0.000;0.000;0.000;0.000;86.107;0.000;0.000;0.000;0.000;0.000;0.000;0.000;0.000;0.000;0.000;13.893;0.000
4;2006;ITA;ITA4;PA;5.499;13.506;63.230;23.264;19.931;0.000;0.000;3.333;0.000;62.598;0.000;0.000;0.000;0.000;37.415;0.000;0.000;0.000;0.000;0.000;0.000;0.000
4;2007;ITA;ITA4;PA;5.964;15.158;57.914;26.928;26.928;0.000;0.000;0.000;0.000;100.000;0.000;0.000;0.000;0.000;0.000;0.000;0.000;0.000;0.000;0.000;0.000;0.000
4;2008;ITA;ITA4;PA;10.82;52.421;47.579;0.000;0.000;0.000;0.000;0.000;0.000;100.000;0.000;0.000;0.000;0.000;0.000;0.000;0.000;0.000;0.000;0.000;0.000;0.000
1;2006;ITA;ITA5;PA;22.99;57.603;33.697;8.699;4.115;0.000;4.585;0.000;0.000;55.690;0.000;44.310;0.000;0.000;0.000;0.000;0.000;0.000;0.000;0.000;0.000;0.000
1;2007;ITA;ITA5;PA;31.06;74.887;12.231;12.882;9.581;0.000;3.300;0.000;0.000;100.000;0.000;0.000;0.000;0.000;0.000;0.000;0.000;0.000;0.000;0.000;0.000;0.000
1;2008;ITA;ITA5;PA;25.16;88.569;4.841;6.590;6.590;0.000;0.000;0.000;0.000;49.765;0.000;0.000;0.000;0.000;0.000;0.000;0.000;0.000;50.235;0.000;0.000;0.000
1;2006;ITA;ITA6;PA;18.48;34.021;58.063;7.917;7.917;0.000;0.000;0.000;0.000;38.293;0.000;31.152;0.000;0.000;0.000;0.000;0.000;0.000;0.000;0.000;30.555;0.000
1;2007;ITA;ITA6;PA;16.24;56.638;35.881;7.482;7.482;0.000;0.000;0.000;0.000;89.411;0.000;0.000;0.000;0.000;0.000;0.000;0.000;0.000;0.000;0.000;10.576;0.000
1;2008;ITA;ITA6;PA;25.06;55.507;22.115;22.378;22.378;0.000;0.000;0.000;0.000;79.588;0.000;0.000;0.000;0.000;0.000;0.000;0.000;0.000;0.000;0.000;20.431;0.000
2;2006;ITA;ITA6;PA;4.73;50.169;49.831;0.000;0.000;0.000;0.000;0.000;0.000;100.000;0.000;0.000;0.000;0.000;0.000;0.000;0.000;0.000;0.000;0.000;0.000;0.000
2;2007;ITA;ITA6;PA;4.348;91.065;8.935;0.000;0.000;0.000;0.000;0.000;0.000;100.000;0.000;0.000;0.000;0.000;0.000;0.000;0.000;0.000;0.000;0.000;0.000;0.000
2;2008;ITA;ITA6;PA;6.043;49.115;0.000;50.885;50.885;0.000;0.000;0.000;0.000;100.000;0.000;0.000;0.000;0.000;0.000;0.000;0.000;0.000;0.000;0.000;0.000;0.000
3;2006;ITA;ITA6;TP;33.55;27.255;63.398;9.347;0.000;0.000;0.000;0.000;9.347;73.052;0.000;0.000;19.480;0.000;0.000;0.000;0.000;0.000;6.957;0.000;0.000;0.000
3;2007;ITA;ITA6;TP;28.61;21.262;56.554;22.185;22.185;0.000;0.000;0.000;0.000;63.131;0.000;0.000;15.575;0.000;0.000;0.000;0.000;0.000;0.000;0.000;21.296;0.000
3;2008;ITA;ITA6;TP;28.85;22.908;48.839;28.253;28.253;0.000;0.000;0.000;0.000;57.226;0.000;0.000;18.662;0.000;0.000;0.000;0.000;0.000;0.000;0.000;23.945;0.000
1;2006;ITA;ITA7;PA;40.26;91.552;8.448;0.000;0.000;0.000;0.000;0.000;0.000;44.056;5.744;49.553;0.000;0.000;0.000;0.000;0.000;0.000;0.000;0.000;0.000;0.000
1;2007;ITA;ITA7;PA;37.6;69.255;0.000;30.745;30.745;0.000;0.000;0.000;0.000;75.472;24.528;0.000;0.000;0.000;0.000;0.000;0.000;0.000;0.000;0.000;0.000;0.000
1;2008;ITA;ITA7;PA;44.45;57.006;0.000;42.994;0.602;0.000;0.000;18.477;23.915;47.211;0.000;0.000;0.000;0.000;44.314;0.000;0.000;0.000;0.000;0.000;8.462;0.000
2;2006;ITA;ITA7;TP;12.94;43.066;55.719;1.216;1.216;0.000;0.000;0.000;0.000;85.930;14.062;0.000;0.000;0.000;0.000;0.000;0.000;0.000;0.000;0.000;0.000;0.000
2;2007;ITA;ITA7;TP;21.67;26.294;45.681;28.025;0.000;0.000;0.000;28.025;0.000;53.324;0.000;0.000;46.676;0.000;0.000;0.000;0.000;0.000;0.000;0.000;0.000;0.000
2;2008;ITA;ITA7;TP;21.51;46.481;31.808;21.711;21.711;0.000;0.000;0.000;0.000;72.852;0.000;0.000;0.000;0.000;0.000;0.000;0.000;0.000;0.000;0.000;27.131;0.000
1;2006;PAB;PAB1;TP;2.999;68.650;31.350;0.000;0.000;0.000;0.000;0.000;0.000;46.679;21.359;31.972;0.000;0.000;0.000;0.000;0.000;0.000;0.000;0.000;0.000;0.000
1;2007;PAB;PAB1;TP;3.675;41.333;58.667;0.000;0.000;0.000;0.000;0.000;0.000;62.394;0.000;9.498;0.000;0.000;0.000;28.099;0.000;0.000;0.000;0.000;0.000;0.000
1;2008;PAB;PAB1;TP;4.152;84.456;15.544;0.000;0.000;0.000;0.000;0.000;0.000;21.479;4.313;37.060;0.000;0.000;0.000;36.796;0.000;0.000;0.000;0.000;0.000;0.000
2;2006;PAB;PAB1;TP;38.77;59.066;40.934;0.000;0.000;0.000;0.000;0.000;0.000;0.000;27.477;36.765;0.000;0.000;0.000;0.000;0.000;0.000;0.000;0.000;13.333;0.000
2;2007;PAB;PAB1;TP;42.01;65.984;34.016;0.000;0.000;0.000;0.000;0.000;0.000;100.000;0.000;0.000;0.000;0.000;0.000;0.000;0.000;0.000;0.000;0.000;0.000;0.000
2;2008;PAB;PAB1;TP;27.48;71.135;24.207;9.143;4.485;0.000;4.658;0.000;0.000;79.264;0.000;16.996;0.000;0.000;0.000;0.000;0.000;0.000;4.249;0.000;0.000;0.000
3;2006;PAB;PAB1;TP;3.073;75.412;24.588;0.000;0.000;0.000;0.000;0.000;0.000;0.000;0.000;71.562;0.000;0.000;0.000;0.000;0.000;0.000;0.000;0.000;28.466;0.000
3;2007;PAB;PAB1;TP;5.402;29.752;27.157;43.091;12.584;0.000;30.507;0.000;0.000;64.640;0.000;35.374;0.000;0.000;0.000;0.000;0.000;0.000;0.000;0.000;0.000;0.000
3;2008;PAB;PAB1;TP;4.195;55.602;15.116;29.282;0.000;0.000;6.965;17.387;4.930;0.000;14.732;33.083;0.000;37.325;0.000;0.000;0.000;0.000;0.000;0.000;14.854;0.000
4;2006;PAB;PAB1;TP;13.49;51.405;47.680;0.915;0.000;0.000;0.915;0.000;0.000;31.755;40.186;27.967;0.000;0.000;0.000;0.000;0.000;0.000;0.000;0.000;0.000;0.000
4;2007;PAB;PAB1;TP;17.85;39.776;60.224;0.000;0.000;0.000;0.000;0.000;0.000;19.873;16.204;63.593;0.000;0.000;0.000;0.000;0.000;0.000;0.000;0.000;0.000;0.000
4;2008;PAB;PAB1;TP;13.39;42.076;43.659;14.264;1.276;0.000;7.334;0.000;5.654;58.455;3.226;37.504;0.000;0.000;0.000;0.000;0.000;0.000;0.000;0.000;0.000;0.000
5;2006;PAB;PAB1;PA;7.528;86.570;13.430;0.000;0.000;0.000;0.000;0.000;0.000;71.258;13.219;15.498;0.000;0.000;0.000;0.000;0.000;0.000;0.000;0.000;0.000;0.000
5;2007;PAB;PAB1;PA;8.023;89.559;10.441;0.806;0.806;0.000;0.000;0.000;0.000;55.473;16.300;27.246;0.000;0.000;0.000;0.000;0.000;0.000;0.000;0.000;0.000;0.000
5;2008;PAB;PAB1;PA;5.652;86.014;13.593;0.879;0.487;0.000;0.393;0.000;0.000;30.060;49.058;20.833;0.000;0.000;0.000;0.000;0.000;0.000;0.000;0.000;0.000;0.000
6;2006;PAB;PAB1;PA;48.84;89.793;10.207;0.000;0.000;0.000;0.000;0.000;0.000;89.896;0.000;0.000;0.000;0.000;0.000;0.000;0.000;0.000;10.099;0.000;0.000;0.000
6;2007;PAB;PAB1;PA;26.43;80.742;19.258;0.000;0.000;0.000;0.000;0.000;0.000;91.893;8.096;0.000;0.000;0.000;0.000;0.000;0.000;0.000;0.000;0.000;0.000;0.000
6;2008;PAB;PAB1;PA;15.38;82.051;17.627;0.322;0.000;0.322;0.000;0.000;0.000;55.433;0.000;40.309;0.000;0.000;0.000;0.000;0.000;4.259;0.000;0.000;0.000;0.000
7;2006;PAB;PAB1;PA;4.124;67.648;30.820;1.532;0.000;0.000;1.532;0.000;0.000;51.629;6.109;29.061;0.000;0.000;0.000;0.000;0.000;0.000;11.746;0.000;0.000;0.000
7;2007;PAB;PAB1;PA;7.275;84.085;9.324;6.591;6.591;0.000;0.000;0.000;0.000;58.273;11.110;26.157;0.000;0.000;0.000;0.000;0.000;0.000;4.427;0.000;0.000;0.000
7;2008;PAB;PAB1;PA;5.37;87.557;3.438;9.006;0.000;6.203;2.803;0.000;0.000;8.789;14.280;36.501;0.000;14.213;25.969;0.000;0.000;0.000;0.000;0.000;0.000;0.000
1;2006;PAB;PAB2;PA;17.59;68.158;31.842;0.000;0.000;0.000;0.000;0.000;0.000;74.981;0.000;25.026;0.000;0.000;0.000;0.000;0.000;0.000;0.000;0.000;0.000;0.000
1;2007;PAB;PAB2;PA;16.41;70.225;29.775;0.000;0.000;0.000;0.000;0.000;0.000;84.823;0.000;15.193;0.000;0.000;0.000;0.000;0.000;0.000;0.000;0.000;0.000;0.000
1;2008;PAB;PAB2;PA;14.14;90.636;9.364;0.000;0.000;0.000;0.000;0.000;0.000;40.271;0.000;59.131;0.000;0.000;0.000;0.000;0.000;0.000;0.000;0.000;0.000;0.000
2;2006;PAB;PAB2;TP;18.64;41.189;57.779;1.032;1.032;0.000;0.000;0.000;0.000;58.952;12.147;0.000;0.000;0.000;0.000;0.000;0.000;0.000;28.470;0.000;0.000;0.000
2;2007;PAB;PAB2;TP;19.5;43.333;56.667;0.000;0.000;0.000;0.000;0.000;0.000;80.432;0.000;0.000;0.000;0.000;0.000;0.000;0.000;0.000;19.583;0.000;0.000;0.000
2;2008;PAB;PAB2;TP;16.4;38.007;58.421;3.572;1.680;0.477;1.415;0.000;0.000;36.154;26.574;37.170;0.000;0.000;0.000;0.000;0.000;0.000;0.000;0.000;0.000;0.000
3;2006;PAB;PAB2;TP;11.61;53.290;46.710;0.000;0.000;0.000;0.000;0.000;0.000;24.994;32.523;11.672;0.000;0.000;0.000;0.000;0.000;0.000;30.793;0.000;0.000;0.000
3;2007;PAB;PAB2;TP;10.42;52.841;47.159;0.000;0.000;0.000;0.000;0.000;0.000;86.772;0.000;0.000;0.000;0.000;0.000;0.000;0.000;0.000;13.243;0.000;0.000;0.000
3;2008;PAB;PAB2;TP;5.693;47.959;44.827;7.214;0.000;2.428;0.000;0.000;4.787;67.528;0.000;0.000;0.000;0.000;0.000;0.000;0.000;0.000;19.849;0.000;0.000;0.000
4;2006;PAB;PAB2;TP;10.31;50.780;46.799;2.421;2.421;0.000;0.000;0.000;0.000;68.187;21.044;10.797;0.000;0.000;0.000;0.000;0.000;0.000;0.000;0.000;0.000;0.000
4;2007;PAB;PAB2;TP;10.61;60.792;39.208;0.000;0.000;0.000;0.000;0.000;0.000;67.358;0.000;0.000;0.000;0.000;0.000;0.000;0.000;0.000;0.000;0.000;32.638;0.000
4;2008;PAB;PAB2;TP;10.92;57.214;40.256;2.529;2.529;0.000;0.000;0.000;0.000;65.484;20.777;13.730;0.000;0.000;0.000;0.000;0.000;0.000;0.000;0.000;0.000;0.000
5;2006;PAB;PAB2;TP;15.53;54.468;44.630;0.902;0.902;0.000;0.000;0.000;0.000;71.083;0.000;27.988;0.000;0.000;0.000;0.000;0.000;0.000;0.000;0.000;0.000;0.000
5;2007;PAB;PAB2;TP;17.7;44.198;55.802;0.000;0.000;0.000;0.000;0.000;0.000;98.241;0.000;0.000;0.000;0.000;0.000;0.000;0.000;0.000;1.739;0.000;0.000;0.000
5;2008;PAB;PAB2;TP;11.91;68.752;23.846;7.402;0.687;0.000;0.000;0.000;6.715;63.652;0.000;31.537;0.000;0.000;0.000;0.000;4.832;0.000;0.000;0.000;0.000;0.000
6;2006;PAB;PAB2;TP;3.818;66.841;33.159;0.000;0.000;0.000;0.000;0.000;0.000;50.100;0.000;24.383;0.000;0.000;0.000;0.000;0.000;0.000;25.492;0.000;0.000;0.000
6;2007;PAB;PAB2;TP;3.896;43.537;39.451;17.012;17.012;0.000;0.000;0.000;0.000;77.458;0.000;0.000;0.000;0.000;0.000;0.000;0.000;0.000;22.535;0.000;0.000;0.000
6;2008;PAB;PAB2;TP;3.232;51.668;41.863;6.470;0.000;0.000;6.470;0.000;0.000;29.917;0.000;70.083;0.000;0.000;0.000;0.000;0.000;0.000;0.000;0.000;0.000;0.000
1;2006;PAB;PAB3;TP;6.622;57.572;28.239;14.189;0.000;0.000;14.189;0.000;0.000;44.160;0.000;55.830;0.000;0.000;0.000;0.000;0.000;0.000;0.000;0.000;0.000;0.000
1;2007;PAB;PAB3;TP;6.618;64.445;35.555;0.000;0.000;0.000;0.000;0.000;0.000;77.879;0.000;22.121;0.000;0.000;0.000;0.000;0.000;0.000;0.000;0.000;0.000;0.000
1;2008;PAB;PAB3;TP;6.036;92.614;7.386;0.000;0.000;0.000;0.000;0.000;0.000;58.968;0.000;17.748;0.000;0.000;0.000;0.000;0.000;11.834;11.456;0.000;0.000;0.000
2;2006;PAB;PAB3;TP;29.4;35.476;64.524;2.115;0.000;0.000;0.000;2.115;0.000;62.528;3.798;18.376;0.000;0.000;0.000;0.000;0.000;0.000;11.975;0.000;0.000;0.000
2;2007;PAB;PAB3;TP;28.74;74.544;25.456;0.000;0.000;0.000;0.000;0.000;0.000;52.236;0.000;33.210;0.000;0.000;0.000;0.000;0.000;0.000;14.546;0.000;0.000;0.000
2;2008;PAB;PAB3;TP;31.24;76.350;16.754;6.896;5.403;0.000;0.000;1.493;0.000;62.275;0.000;12.339;0.000;0.000;2.882;10.778;0.000;0.000;11.724;0.000;0.000;0.000
4;2006;PAB;PAB3;TP;12.05;22.357;68.191;9.452;9.452;0.000;0.000;0.000;0.000;73.925;0.000;0.000;0.000;0.000;4.968;0.000;0.000;0.000;21.138;0.000;0.000;0.000
4;2007;PAB;PAB3;TP;10.73;31.994;68.006;0.000;0.000;0.000;0.000;0.000;0.000;53.173;0.000;18.149;0.000;0.000;0.000;0.000;0.000;0.000;28.683;0.000;0.000;0.000
4;2008;PAB;PAB3;TP;19.16;44.311;55.689;0.000;0.000;0.000;0.000;0.000;0.000;24.763;0.000;7.217;0.000;0.000;0.000;0.000;0.000;0.000;36.443;0.000;30.679;0.000
1;2006;PAB;PAB5;PA;7.827;84.796;15.204;0.000;0.000;0.000;0.000;0.000;0.000;39.354;0.000;41.319;0.000;0.000;0.000;0.000;0.000;19.338;0.000;0.000;0.000;0.000
1;2007;PAB;PAB5;PA;8.725;89.311;10.689;0.000;0.000;0.000;0.000;0.000;0.000;10.145;24.841;28.991;0.000;0.000;0.000;0.000;0.000;34.855;0.000;0.000;0.000;0.000
1;2008;PAB;PAB5;PA;10.85;86.525;13.475;0.000;0.000;0.000;0.000;0.000;0.000;36.311;0.000;20.317;0.000;0.000;0.000;0.000;0.000;43.349;0.000;0.000;0.000;0.000
1;2006;UCR;ARE;PA;36.23;91.295;4.262;4.444;4.444;0.000;0.000;0.000;0.000;42.333;28.693;12.797;0.000;0.000;0.000;16.095;0.000;0.000;0.000;0.000;0.000;0.000
1;2007;UCR;ARE;PA;36.44;95.498;3.115;1.387;1.387;0.000;0.000;0.000;0.000;49.436;16.068;0.000;0.000;0.000;0.000;33.151;0.000;0.000;0.000;0.000;0.000;0.000
1;2008;UCR;ARE;PA;32.3;86.435;12.749;0.816;0.816;0.000;0.000;0.000;0.000;77.817;14.686;5.121;0.000;0.000;0.000;1.956;0.000;0.000;0.000;0.000;0.000;0.000
2;2006;UCR;ARE;PA;11.4;97.689;2.311;8.294;8.294;0.000;0.000;0.000;0.000;82.139;5.726;0.000;0.000;0.000;0.000;11.451;0.000;0.000;0.000;0.000;0.000;0.000
2;2007;UCR;ARE;PA;11.37;89.956;10.044;0.000;0.000;0.000;0.000;0.000;0.000;88.337;0.000;0.000;0.000;0.000;0.000;11.663;0.000;0.000;0.000;0.000;0.000;0.000
2;2008;UCR;ARE;PA;9.939;96.425;3.575;0.000;0.000;0.000;0.000;0.000;0.000;45.658;43.330;0.000;0.000;0.000;0.000;10.743;0.000;0.000;0.000;0.000;0.000;0.000
3;2006;UCR;ARE;PA;13.32;76.967;23.033;0.000;0.000;0.000;0.000;0.000;0.000;59.071;14.015;13.124;0.000;0.000;0.000;0.000;0.000;0.000;0.000;0.000;0.000;13.778
3;2007;UCR;ARE;PA;13.45;62.379;36.045;1.576;1.576;0.000;0.000;0.000;0.000;88.590;0.000;0.000;0.000;0.000;0.000;0.000;0.000;0.000;0.000;0.000;0.000;11.410
3;2008;UCR;ARE;PA;11.2;58.902;41.098;0.000;0.000;0.000;0.000;0.000;0.000;30.531;9.367;49.837;0.000;0.000;0.000;0.000;0.000;0.000;0.000;0.000;0.000;9.861
4;2006;UCR;ARE;TP;8.577;30.185;69.815;0.000;0.000;0.000;0.000;0.000;0.000;89.076;10.895;0.000;0.000;0.000;0.000;0.000;0.000;0.000;0.000;0.000;0.000;0.000
4;2007;UCR;ARE;TP;10;29.880;70.120;0.000;0.000;0.000;0.000;0.000;0.000;75.866;21.272;0.000;0.000;0.000;0.000;0.000;2.896;0.000;0.000;0.000;0.000;0.000
4;2008;UCR;ARE;TP;13;9.662;84.769;5.569;5.569;0.000;0.000;0.000;0.000;94.447;5.542;0.000;0.000;0.000;0.000;0.000;0.000;0.000;0.000;0.000;0.000;0.000
5;2006;UCR;ARE;TP;7.351;45.603;51.122;3.274;0.000;0.000;3.274;0.000;0.000;54.126;5.561;40.033;0.000;0.000;0.000;0.000;0.000;0.000;0.000;0.000;0.000;0.000
5;2007;UCR;ARE;TP;9.044;36.068;63.932;0.000;0.000;0.000;0.000;0.000;0.000;84.039;7.976;1.340;0.000;0.000;0.000;0.000;6.635;0.000;0.000;0.000;0.000;0.000
5;2008;UCR;ARE;TP;8.332;77.004;18.711;4.285;0.000;0.000;4.285;0.000;0.000;80.350;0.000;19.650;0.000;0.000;0.000;0.000;0.000;0.000;0.000;0.000;0.000;0.000
1;2006;UCR;PA2;PA;17.09;62.200;37.800;0.000;0.000;0.000;0.000;0.000;0.000;59.191;0.000;0.000;0.000;0.000;0.000;0.000;0.000;0.000;0.000;0.000;0.000;0.000
1;2007;UCR;PA2;PA;22.37;74.300;25.700;0.000;0.000;0.000;0.000;0.000;0.000;57.065;42.935;0.000;0.000;0.000;0.000;0.000;0.000;0.000;0.000;0.000;0.000;0.000
1;2008;UCR;PA2;PA;27.5;76.879;20.811;2.311;2.311;0.000;0.000;0.000;0.000;87.712;6.455;0.000;0.000;0.000;0.000;0.000;0.000;0.000;0.000;0.000;0.000;0.000
2;2006;UCR;PA2;PA;7.589;61.998;38.002;0.000;0.000;0.000;0.000;0.000;0.000;49.583;50.405;0.000;0.000;0.000;0.000;0.000;0.000;0.000;0.000;0.000;0.000;0.000
2;2007;UCR;PA2;PA;9.218;47.440;52.560;0.000;0.000;0.000;0.000;0.000;0.000;40.761;47.989;0.000;0.000;0.000;0.000;0.000;0.000;0.000;0.000;0.000;0.000;11.250
2;2008;UCR;PA2;PA;10.21;62.439;37.561;0.000;0.000;0.000;0.000;0.000;0.000;18.975;81.025;0.000;0.000;0.000;0.000;0.000;0.000;0.000;0.000;0.000;0.000;0.000
3;2006;UCR;PA2;PA;25.26;65.582;34.418;0.000;0.000;0.000;0.000;0.000;0.000;43.563;26.649;0.000;0.000;0.000;0.000;0.000;0.000;0.000;0.000;0.000;29.023;0.000
3;2007;UCR;PA2;PA;30.42;72.156;26.164;1.680;0.000;1.680;0.000;0.000;0.000;63.141;18.773;10.457;0.000;0.000;0.000;0.000;0.000;0.000;0.000;0.000;7.650;0.000
3;2008;UCR;PA2;PA;30.09;72.173;27.175;0.651;0.651;0.000;0.000;0.000;0.000;83.702;0.000;0.000;0.000;0.000;0.000;0.000;0.000;0.000;0.000;0.000;16.288;0.000
4;2006;UCR;PA2;PA;6.116;43.476;56.524;0.000;0.000;0.000;0.000;0.000;0.000;94.766;5.234;0.000;0.000;0.000;0.000;0.000;0.000;0.000;0.000;0.000;0.000;0.000
4;2007;UCR;PA2;PA;9.279;37.870;62.130;0.000;0.000;0.000;0.000;0.000;0.000;100.000;0.000;0.000;0.000;0.000;0.000;0.000;0.000;0.000;0.000;0.000;0.000;0.000
4;2008;UCR;PA2;PA;12.47;54.828;45.172;0.000;0.000;0.000;0.000;0.000;0.000;100.000;0.000;0.000;0.000;0.000;0.000;0.000;0.000;0.000;0.000;0.000;0.000;0.000
5;2006;UCR;PA2;PA;16.37;90.024;9.976;0.000;0.000;0.000;0.000;0.000;0.000;56.952;13.410;29.573;0.000;0.000;0.000;0.000;0.000;0.000;0.000;0.000;0.000;0.000
5;2007;UCR;PA2;PA;14.42;87.247;12.753;0.000;0.000;0.000;0.000;0.000;0.000;70.279;29.699;0.000;0.000;0.000;0.000;0.000;0.000;0.000;0.000;0.000;0.000;0.000
5;2008;UCR;PA2;PA;16.02;84.176;15.824;0.000;0.000;0.000;0.000;0.000;0.000;23.969;60.825;15.217;0.000;0.000;0.000;0.000;0.000;0.000;0.000;0.000;0.000;0.000
6;2006;UCR;PA2;PA;24.09;52.802;47.198;0.000;0.000;0.000;0.000;0.000;0.000;60.763;8.257;30.980;0.000;0.000;0.000;0.000;0.000;0.000;0.000;0.000;0.000;0.000
6;2007;UCR;PA2;PA;24.77;66.524;33.476;0.000;0.000;0.000;0.000;0.000;0.000;80.320;15.690;3.959;0.000;0.000;0.000;0.000;0.000;0.000;0.000;0.000;0.000;0.000
6;2008;UCR;PA2;PA;28.24;75.060;24.940;0.000;0.000;0.000;0.000;0.000;0.000;77.196;9.517;13.305;0.000;0.000;0.000;0.000;0.000;0.000;0.000;0.000;0.000;0.000
7;2006;UCR;PA2;PA;25.65;69.384;30.616;0.000;0.000;0.000;0.000;0.000;0.000;72.500;27.530;0.000;0.000;0.000;0.000;0.000;0.000;0.000;0.000;0.000;0.000;0.000
7;2007;UCR;PA2;PA;28.99;68.192;31.808;0.000;0.000;0.000;0.000;0.000;0.000;80.011;20.000;0.000;0.000;0.000;0.000;0.000;0.000;0.000;0.000;0.000;0.000;0.000
7;2008;UCR;PA2;PA;30.17;74.445;25.555;0.000;0.000;0.000;0.000;0.000;0.000;91.884;8.105;0.000;0.000;0.000;0.000;0.000;0.000;0.000;0.000;0.000;0.000;0.000
8;2006;UCR;PA2;TP;8.455;55.446;44.554;0.000;0.000;0.000;0.000;0.000;0.000;53.986;33.405;0.000;9.752;0.000;0.000;0.000;0.000;0.000;2.840;0.000;0.000;0.000
8;2007;UCR;PA2;TP;8.087;26.289;73.711;0.000;0.000;0.000;0.000;0.000;0.000;83.283;0.000;0.000;16.687;0.000;0.000;0.000;0.000;0.000;0.000;0.000;0.000;0.000
8;2008;UCR;PA2;TP;9.765;30.865;66.062;3.072;3.072;0.000;0.000;0.000;0.000;87.649;0.000;12.328;0.000;0.000;0.000;0.000;0.000;0.000;0.000;0.000;0.000;0.000
9;2006;UCR;PA2;TP;5.259;48.545;51.455;0.000;0.000;0.000;0.000;0.000;0.000;17.560;34.350;46.566;0.000;0.000;0.000;0.000;0.000;0.000;0.000;0.000;0.000;0.000
9;2007;UCR;PA2;TP;7.31;40.506;59.494;0.000;0.000;0.000;0.000;0.000;0.000;29.438;47.083;22.977;0.000;0.000;0.000;0.000;0.000;0.000;0.000;0.000;0.000;0.000
9;2008;UCR;PA2;TP;7.498;39.290;58.922;1.787;1.787;0.000;0.000;0.000;0.000;43.470;0.000;56.267;0.000;0.000;0.000;0.000;0.000;0.000;0.000;0.000;0.000;0.000
10;2006;UCR;PA2;TP;7.813;26.917;73.083;0.000;0.000;0.000;0.000;0.000;0.000;72.780;27.187;0.000;0.000;0.000;0.000;0.000;0.000;0.000;0.000;0.000;0.000;0.000
10;2007;UCR;PA2;TP;11.08;27.256;72.744;0.000;0.000;0.000;0.000;0.000;0.000;89.874;0.000;9.642;0.000;0.000;0.000;0.000;0.000;0.000;0.000;0.000;0.000;0.000
10;2008;UCR;PA2;TP;14.01;44.211;55.789;0.000;0.000;0.000;0.000;0.000;0.000;66.890;0.000;33.107;0.000;0.000;0.000;0.000;0.000;0.000;0.000;0.000;0.000;0.000
1;2006;UCR;PLE;PA;14.13;91.649;8.351;0.000;0.000;0.000;0.000;0.000;0.000;23.120;70.967;0.000;0.000;0.000;0.000;0.000;0.000;0.000;0.000;0.000;5.322;0.000
1;2007;UCR;PLE;PA;17.96;94.081;5.919;0.000;0.000;0.000;0.000;0.000;0.000;6.657;27.692;65.680;0.000;0.000;0.000;0.000;0.000;0.000;0.000;0.000;0.000;0.000
1;2008;UCR;PLE;PA;19.38;95.784;4.216;0.000;0.000;0.000;0.000;0.000;0.000;100.000;0.000;0.000;0.000;0.000;0.000;0.000;0.000;0.000;0.000;0.000;0.000;0.000
2;2006;UCR;PLE;PA;8.497;54.211;42.203;3.586;0.000;0.000;3.586;0.000;0.000;32.614;40.010;16.691;0.000;0.000;0.000;0.000;0.000;9.722;0.000;0.000;0.000;0.000
2;2007;UCR;PLE;PA;6.9092;60.893;39.107;0.000;0.000;0.000;0.000;0.000;0.000;47.907;11.977;33.443;0.000;0.000;0.000;0.000;0.000;0.000;0.000;0.000;39.113;0.000
2;2008;UCR;PLE;PA;8.467;76.674;20.621;2.705;2.705;0.000;0.000;0.000;0.000;100.000;0.000;0.000;0.000;0.000;0.000;0.000;0.000;0.000;0.000;0.000;0.000;0.000
3;2006;UCR;PLE;PA;11.51;76.499;23.501;0.000;0.000;0.000;0.000;0.000;0.000;85.725;0.000;13.586;0.000;0.000;0.000;0.000;0.000;0.000;0.000;0.000;0.000;0.000
3;2007;UCR;PLE;PA;12.35;67.676;32.324;0.000;0.000;0.000;0.000;0.000;0.000;62.230;0.000;0.000;0.000;0.000;0.000;0.000;0.000;0.000;37.027;0.000;0.000;0.000
3;2008;UCR;PLE;PA;15;74.920;25.080;0.000;0.000;0.000;0.000;0.000;0.000;49.148;0.000;12.634;0.000;0.000;0.000;0.000;0.000;0.000;37.771;0.000;0.000;0.000
4;2006;UCR;PLE;PA;4.603;98.140;1.860;0.000;0.000;0.000;0.000;0.000;0.000;82.898;0.000;17.115;0.000;0.000;0.000;0.000;0.000;0.000;0.000;0.000;0.000;0.000
4;2007;UCR;PLE;PA;5.586;89.554;1.160;9.286;0.000;0.000;9.286;0.000;0.000;7.003;0.000;93.019;0.000;0.000;0.000;0.000;0.000;0.000;0.000;0.000;0.000;0.000
4;2008;UCR;PLE;PA;5.906;91.932;4.629;3.439;3.439;0.000;0.000;0.000;0.000;84.147;0.000;15.824;0.000;0.000;0.000;0.000;0.000;0.000;0.000;0.000;0.000;0.000
5;2006;UCR;PLE;PA;7.408;57.411;42.589;0.000;0.000;0.000;0.000;0.000;0.000;59.582;40.459;0.000;0.000;0.000;0.000;0.000;0.000;0.000;0.000;0.000;0.000;0.000
5;2007;UCR;PLE;PA;7.376;61.280;38.720;0.000;0.000;0.000;0.000;0.000;0.000;53.935;0.000;46.080;0.000;0.000;0.000;0.000;0.000;0.000;0.000;0.000;0.000;0.000
5;2008;UCR;PLE;PA;8.004;59.033;40.967;0.000;0.000;0.000;0.000;0.000;0.000;58.009;42.009;0.000;0.000;0.000;0.000;0.000;0.000;0.000;0.000;0.000;0.000;0.000
6;2006;UCR;PLE;TP;5.135;15.910;84.090;0.000;0.000;0.000;0.000;0.000;0.000;43.275;23.236;25.153;0.000;0.000;0.000;0.000;0.000;0.000;7.975;0.000;0.000;0.000
6;2007;UCR;PLE;TP;6.763;17.182;82.818;0.000;0.000;0.000;0.000;0.000;0.000;67.162;0.000;22.043;0.000;0.000;0.000;0.000;0.000;0.000;10.816;0.000;0.000;0.000
6;2008;UCR;PLE;TP;7.267;32.716;65.873;1.410;0.000;0.000;0.000;1.410;0.000;38.696;0.000;8.050;0.000;34.450;0.000;0.000;0.000;0.000;18.792;0.000;0.000;0.000
7;2006;UCR;PLE;TP;16.85;30.420;64.332;5.247;2.680;0.000;0.000;2.568;0.000;46.220;7.388;4.622;0.000;20.939;0.000;0.000;20.831;0.000;0.000;0.000;0.000;0.000
7;2007;UCR;PLE;TP;18.01;34.198;39.906;25.897;25.897;0.000;0.000;0.000;0.000;84.392;0.000;13.604;0.000;0.000;0.000;0.000;0.000;0.000;0.000;0.000;0.000;0.000
7;2008;UCR;PLE;TP;17.99;55.058;22.084;22.857;22.857;0.000;0.000;0.000;0.000;82.675;0.000;17.322;0.000;0.000;0.000;0.000;0.000;0.000;0.000;0.000;0.000;0.000
1;2006;UCR;SGO;PA;25.25;35.823;63.525;0.652;0.652;0.000;0.000;0.000;0.000;0.000;26.774;0.000;0.000;0.000;0.000;0.000;0.000;0.000;0.000;0.000;11.377;0.000
1;2007;UCR;SGO;PA;32.7;59.786;40.214;0.000;0.000;0.000;0.000;0.000;0.000;88.249;11.751;0.000;0.000;0.000;0.000;0.000;0.000;0.000;0.000;0.000;0.000;0.000
1;2008;UCR;SGO;PA;28.82;68.546;20.236;11.218;11.218;0.000;0.000;0.000;0.000;66.891;19.512;4.823;0.000;0.000;0.000;0.000;0.000;0.000;0.000;0.000;7.360;0.000
2;2006;UCR;SGO;PA;33.14;99.176;0.824;0.000;0.000;0.000;0.000;0.000;0.000;75.285;24.638;0.000;0.000;0.000;0.000;0.000;0.000;0.000;0.000;0.000;0.000;0.000
2;2007;UCR;SGO;PA;40.13;96.232;3.137;0.630;0.630;0.000;0.000;0.000;0.000;92.835;7.155;0.000;0.000;0.000;0.000;0.000;0.000;0.000;0.000;0.000;0.000;0.000
2;2008;UCR;SGO;PA;37.47;94.062;4.876;1.062;1.062;0.000;0.000;0.000;0.000;79.964;15.863;3.951;0.000;0.000;0.000;0.000;0.000;0.000;0.000;0.000;0.000;0.000
3;2006;UCR;SGO;PA;19.04;67.579;32.421;0.000;0.000;0.000;0.000;0.000;0.000;58.428;0.000;0.000;0.000;0.000;0.000;0.000;0.000;0.000;17.026;0.000;24.541;0.000
3;2007;UCR;SGO;PA;21.32;79.864;20.136;0.000;0.000;0.000;0.000;0.000;0.000;54.581;0.000;0.000;0.000;0.000;0.000;0.000;6.821;0.000;6.156;0.000;32.067;0.000
3;2008;UCR;SGO;PA;20.25;73.562;25.847;0.591;0.591;0.000;0.000;0.000;0.000;57.609;0.000;22.978;0.000;0.000;0.000;0.000;6.120;0.000;12.975;0.000;0.000;0.000
4;2006;UCR;SGO;PA;50.8;87.419;6.913;5.667;5.667;0.000;0.000;0.000;0.000;86.249;0.000;0.000;0.000;0.000;0.000;0.000;0.000;0.000;13.748;0.000;0.000;0.000
4;2007;UCR;SGO;PA;56.74;83.717;15.206;1.077;1.077;0.000;0.000;0.000;0.000;83.415;0.000;0.000;0.000;0.000;0.000;0.000;0.000;0.000;12.083;0.000;4.493;0.000
4;2008;UCR;SGO;PA;50.18;88.095;9.878;2.027;2.027;0.000;0.000;0.000;0.000;63.726;3.658;0.000;0.000;0.000;0.000;0.000;0.000;0.000;32.625;0.000;0.000;0.000
5;2006;UCR;SGO;PA;39.34;97.026;2.974;0.000;0.000;0.000;0.000;0.000;0.000;64.485;14.743;0.000;0.000;0.000;0.000;0.000;0.000;0.000;11.517;0.000;0.000;8.121
5;2007;UCR;SGO;PA;43.62;94.722;3.943;1.335;1.335;0.000;0.000;0.000;0.000;79.361;0.000;0.000;0.000;0.000;0.000;0.000;0.000;0.000;10.565;0.000;0.000;10.076
5;2008;UCR;SGO;PA;42.63;89.547;7.338;3.115;3.115;0.000;0.000;0.000;0.000;38.483;12.808;10.826;0.000;0.000;0.000;0.000;0.000;0.000;4.814;0.000;22.727;9.567
6;2006;UCR;SGO;TP;8.217;34.623;65.377;0.000;0.000;0.000;0.000;0.000;0.000;97.332;0.000;0.000;0.000;0.000;2.687;0.000;0.000;0.000;0.000;0.000;0.000;0.000
6;2007;UCR;SGO;TP;6.428;33.997;50.093;15.910;0.000;0.000;0.000;15.910;0.000;62.656;0.000;7.821;0.000;28.939;0.000;0.000;0.000;0.000;0.000;0.000;0.000;0.000
6;2008;UCR;SGO;TP;10.81;32.340;39.824;27.836;5.231;0.000;0.000;22.605;0.000;46.645;0.000;0.000;0.000;44.224;0.000;0.000;0.000;0.000;0.000;0.000;9.157;0.000
7;2006;UCR;SGO;TP;34.82;26.445;68.955;4.601;4.601;0.000;0.000;0.000;0.000;41.037;13.734;21.589;0.000;0.000;0.000;13.087;0.000;0.000;0.000;0.000;10.330;0.000
7;2007;UCR;SGO;TP;35.03;31.516;55.895;12.589;9.212;0.000;0.000;0.000;3.377;33.797;0.000;4.581;0.000;34.551;0.000;15.519;0.000;0.000;0.000;0.000;11.553;0.000
7;2008;UCR;SGO;TP;36.86;24.335;69.913;5.751;5.751;0.000;0.000;0.000;0.000;63.818;10.856;2.721;5.634;16.795;0.000;0.000;0.000;0.000;0.000;0.000;0.000;0.000
8;2006;UCR;SGO;TP;9.48;26.580;68.481;4.939;0.000;0.000;4.939;0.000;0.000;68.845;0.000;31.106;0.000;0.000;0.000;0.000;0.000;0.000;0.000;0.000;0.000;0.000
8;2007;UCR;SGO;TP;11.12;20.854;73.975;5.171;0.000;0.000;0.000;5.171;0.000;58.803;0.000;0.000;0.000;41.205;0.000;0.000;0.000;0.000;0.000;0.000;0.000;0.000
8;2008;UCR;SGO;TP;14.35;31.366;68.634;0.000;0.000;0.000;0.000;0.000;0.000;49.303;0.000;0.000;0.000;8.678;11.228;0.000;0.000;0.000;0.000;0.000;30.264;0.000
9;2006;UCR;SGO;TP;5.484;29.778;70.222;0.000;0.000;0.000;0.000;0.000;0.000;38.787;26.741;0.000;0.000;0.000;0.000;0.000;0.000;0.000;0.000;0.000;34.455;0.000
9;2007;UCR;SGO;TP;4.209;21.768;72.202;6.030;6.030;0.000;0.000;0.000;0.000;38.053;0.000;0.000;0.000;0.000;0.000;0.000;0.000;0.000;0.000;0.000;58.735;0.000
9;2008;UCR;SGO;TP;6.487;22.863;75.659;1.478;0.000;0.000;0.000;0.000;1.478;65.938;15.063;0.000;0.000;0.000;0.000;0.000;0.000;0.000;16.692;0.000;0.000;0.000
1;2006;TIM;TIM1;PA;3.97;31.537;52.015;16.448;16.448;0.000;0.000;0.000;0.000;71.536;28.464;0.000;0.000;0.000;0.000;0.000;0.000;0.000;0.000;0.000;0.000;0.000
1;2007;TIM;TIM1;PA;6.278;36.206;63.794;0.000;0.000;0.000;0.000;0.000;0.000;68.296;31.696;0.000;0.000;0.000;0.000;0.000;0.000;0.000;0.000;0.000;0.000;0.000
1;2008;TIM;TIM1;PA;10.42;70.403;29.597;0.000;0.000;0.000;0.000;0.000;0.000;49.459;35.708;14.843;0.000;0.000;0.000;0.000;0.000;0.000;0.000;0.000;0.000;0.000
2;2006;TIM;TIM1;PA;9.115;88.568;11.432;0.000;0.000;0.000;0.000;0.000;0.000;63.338;36.671;0.000;0.000;0.000;0.000;0.000;0.000;0.000;0.000;0.000;0.000;0.000
2;2007;TIM;TIM1;PA;9.628;82.333;17.667;0.000;0.000;0.000;0.000;0.000;0.000;38.058;61.963;0.000;0.000;0.000;0.000;0.000;0.000;0.000;0.000;0.000;0.000;0.000
2;2008;TIM;TIM1;PA;10.13;88.776;11.224;0.000;0.000;0.000;0.000;0.000;0.000;10.973;88.903;0.000;0.000;0.000;0.000;0.000;0.000;0.000;0.000;0.000;0.000;0.000
3;2006;TIM;TIM1;PA;45.15;46.024;53.976;0.000;0.000;0.000;0.000;0.000;0.000;73.898;6.348;19.754;0.000;0.000;0.000;0.000;0.000;0.000;0.000;0.000;0.000;0.000
3;2007;TIM;TIM1;PA;58.78;71.419;28.581;0.000;0.000;0.000;0.000;0.000;0.000;41.092;30.168;9.190;0.000;0.000;0.000;0.000;0.000;0.000;0.000;0.000;19.065;0.000
3;2008;TIM;TIM1;PA;53.77;85.462;13.472;1.066;0.000;0.000;0.000;0.000;1.066;22.865;44.440;11.474;21.008;0.000;0.000;0.000;0.000;0.000;0.000;0.000;0.000;0.000
4;2006;TIM;TIM1;PA;17.28;53.715;42.778;3.507;3.507;0.000;0.000;0.000;0.000;65.772;26.852;17.082;0.000;0.000;0.000;0.000;0.000;0.000;0.000;0.000;0.000;0.000
4;2007;TIM;TIM1;PA;18.78;94.095;5.905;0.000;0.000;0.000;0.000;0.000;0.000;31.294;51.108;16.060;0.000;0.000;0.000;0.000;0.000;1.531;0.000;0.000;0.000;0.000
4;2008;TIM;TIM1;PA;19.2;96.667;3.333;0.000;0.000;0.000;0.000;0.000;0.000;35.219;27.655;36.370;0.000;0.000;0.000;0.000;0.000;0.000;0.000;0.000;0.000;0.000
5;2006;TIM;TIM1;PA;29.03;65.105;34.895;0.000;0.000;0.000;0.000;0.000;0.000;30.309;20.650;25.064;0.000;0.000;0.000;0.000;0.000;0.000;0.000;0.000;23.973;0.000
5;2007;TIM;TIM1;PA;37.35;40.444;42.945;16.610;0.000;0.000;16.610;0.000;0.000;39.316;53.060;39.316;0.000;0.000;0.000;0.000;0.000;0.000;0.000;0.000;7.620;0.000
5;2008;TIM;TIM1;PA;35.37;62.361;15.462;22.177;22.177;0.000;0.000;0.000;0.000;42.041;23.195;0.000;0.000;0.000;0.000;0.000;0.000;0.000;0.000;0.000;34.783;0.000
6;2006;TIM;TIM1;TP;22.16;32.807;67.193;0.000;0.000;0.000;0.000;0.000;0.000;36.340;42.355;0.000;0.000;0.000;0.000;0.000;0.000;0.000;0.000;0.000;21.305;0.000
6;2007;TIM;TIM1;TP;24.71;49.494;50.506;0.000;0.000;0.000;0.000;0.000;0.000;81.003;19.007;0.000;0.000;0.000;0.000;0.000;0.000;0.000;0.000;0.000;0.000;0.000
6;2008;TIM;TIM1;TP;30.76;43.498;56.502;0.000;0.000;0.000;0.000;0.000;0.000;82.182;17.821;0.000;0.000;0.000;0.000;0.000;0.000;0.000;0.000;0.000;0.000;0.000
7;2006;TIM;TIM1;TP;27.92;30.695;69.305;0.000;0.000;0.000;0.000;0.000;0.000;38.089;0.000;32.648;0.000;0.000;0.000;0.000;0.000;0.000;0.000;0.000;28.208;0.000
7;2007;TIM;TIM1;TP;34.92;26.804;73.196;0.000;0.000;0.000;0.000;0.000;0.000;58.827;0.000;0.000;0.000;0.000;0.000;0.000;0.000;0.000;0.000;0.000;41.071;0.000
7;2008;TIM;TIM1;TP;33.58;23.946;70.876;5.179;5.179;0.000;0.000;0.000;0.000;53.487;0.000;33.156;0.887;0.000;0.000;0.000;0.000;0.000;0.000;0.000;12.470;0.000
1;2006;TIM;TIM2;PA;6.209;64.809;35.191;0.000;0.000;0.000;0.000;0.000;0.000;28.904;71.096;0.000;0.000;0.000;0.000;0.000;0.000;0.000;0.000;0.000;0.000;0.000
1;2007;TIM;TIM2;PA;8.348;66.591;33.409;0.000;0.000;0.000;0.000;0.000;0.000;66.851;32.736;0.000;0.000;0.000;0.000;0.000;0.000;0.000;0.000;0.000;0.000;0.000
1;2008;TIM;TIM2;PA;10.17;48.899;51.101;0.000;0.000;0.000;0.000;0.000;0.000;70.580;29.438;0.000;0.000;0.000;0.000;0.000;0.000;0.000;0.000;0.000;0.000;0.000
2;2006;TIM;TIM2;PA;5.5;65.673;34.327;0.000;0.000;0.000;0.000;0.000;0.000;75.926;0.000;0.000;0.000;0.000;0.000;0.000;0.000;0.000;24.063;0.000;0.000;0.000
2;2007;TIM;TIM2;PA;5.15;60.689;33.534;5.777;5.777;0.000;0.000;0.000;0.000;75.723;0.000;0.000;0.000;0.000;0.000;0.000;0.000;0.000;23.931;0.000;0.000;0.000
2;2008;TIM;TIM2;PA;8.047;60.880;39.120;0.000;0.000;0.000;0.000;0.000;0.000;75.641;0.000;0.000;0.000;0.000;0.000;0.000;0.000;0.000;24.359;0.000;0.000;0.000
3;2006;TIM;TIM2;PA;20.18;75.748;24.252;0.000;0.000;0.000;0.000;0.000;0.000;30.480;69.545;0.000;0.000;0.000;0.000;0.000;0.000;0.000;0.000;0.000;0.000;0.000
3;2007;TIM;TIM2;PA;17.2;96.057;3.943;0.000;0.000;0.000;0.000;0.000;0.000;73.517;26.483;0.000;0.000;0.000;0.000;0.000;0.000;0.000;0.000;0.000;0.000;0.000
3;2008;TIM;TIM2;PA;20.08;95.657;4.343;0.000;0.000;0.000;0.000;0.000;0.000;57.996;42.004;0.000;0.000;0.000;0.000;0.000;0.000;0.000;0.000;0.000;0.000;0.000
4;2006;TIM;TIM2;PA;24.28;62.591;37.409;0.000;0.000;0.000;0.000;0.000;0.000;44.834;20.552;34.641;0.000;0.000;0.000;0.000;0.000;0.000;0.000;0.000;0.000;0.000
4;2007;TIM;TIM2;PA;22;55.223;18.495;26.282;26.282;0.000;0.000;0.000;0.000;81.877;0.746;17.370;0.000;0.000;0.000;0.000;0.000;0.000;0.000;0.000;0.000;0.000
4;2008;TIM;TIM2;PA;20.87;40.316;26.718;32.966;32.966;0.000;0.000;0.000;0.000;26.367;26.520;45.143;0.000;0.000;0.000;0.000;0.000;0.000;0.000;0.000;1.906;0.000
5;2006;TIM;TIM2;PA;18.15;53.377;28.077;18.545;18.545;0.000;0.000;0.000;0.000;61.274;33.312;0.000;0.000;0.000;0.000;0.000;0.000;0.000;5.394;0.000;0.000;0.000
5;2007;TIM;TIM2;PA;19.53;62.535;23.656;13.810;13.810;0.000;0.000;0.000;0.000;92.632;7.365;0.000;0.000;0.000;0.000;0.000;0.000;0.000;0.000;0.000;0.000;0.000
5;2008;TIM;TIM2;PA;20.49;66.125;33.875;0.000;0.000;0.000;0.000;0.000;0.000;100.000;0.000;0.000;0.000;0.000;0.000;0.000;0.000;0.000;0.000;0.000;0.000;0.000
6;2006;TIM;TIM2;PA;4.701;71.176;28.824;0.000;0.000;0.000;0.000;0.000;0.000;58.136;0.000;0.000;0.000;0.000;0.000;0.000;0.000;0.000;0.000;0.000;0.000;0.000
6;2007;TIM;TIM2;PA;4.207;65.748;27.526;6.727;2.824;0.000;0.000;0.000;3.903;60.667;0.000;39.361;0.000;0.000;0.000;0.000;0.000;0.000;0.000;0.000;0.000;0.000
6;2008;TIM;TIM2;PA;11.15;61.595;32.780;5.625;0.000;0.000;0.000;0.000;5.625;100.000;0.000;0.000;0.000;0.000;0.000;0.000;0.000;0.000;0.000;0.000;0.000;0.000
7;2006;TIM;TIM2;TP;24.45;13.742;86.258;0.000;0.000;0.000;0.000;0.000;0.000;86.524;0.000;0.000;0.000;0.000;0.000;0.000;0.000;0.000;0.000;0.000;13.490;0.000
7;2007;TIM;TIM2;TP;25.49;29.776;69.164;1.059;1.059;0.000;0.000;0.000;0.000;55.749;0.000;11.133;0.000;0.000;0.000;0.000;0.000;0.000;19.515;0.000;13.598;0.000
7;2008;TIM;TIM2;TP;20.14;0.677;81.877;17.446;1.905;0.000;0.000;0.000;15.541;56.632;0.000;41.763;0.000;0.000;0.000;0.000;0.000;0.000;0.000;0.000;0.000;0.000
8;2006;TIM;TIM2;TP;40.71;19.799;80.201;0.000;0.000;0.000;0.000;0.000;0.000;46.450;48.977;0.000;0.000;0.000;0.000;0.000;0.000;0.000;0.000;0.000;0.000;0.000
8;2007;TIM;TIM2;TP;45.43;23.377;76.623;0.000;0.000;0.000;0.000;0.000;0.000;66.236;19.322;0.000;0.000;0.000;0.000;0.000;0.000;0.000;14.455;0.000;0.000;0.000
8;2008;TIM;TIM2;TP;36.59;26.160;72.096;1.744;0.000;0.000;0.000;0.000;1.744;27.360;0.000;72.327;0.000;0.000;0.000;0.000;0.000;0.000;0.000;0.000;0.000;0.000
9;2006;TIM;TIM2;TP;4.347;68.001;31.999;0.000;0.000;0.000;0.000;0.000;0.000;79.866;0.000;20.100;0.000;0.000;0.000;0.000;0.000;0.000;0.000;0.000;0.000;0.000
9;2007;TIM;TIM2;TP;4.711;55.084;44.025;0.892;0.000;0.000;0.000;0.000;0.892;74.388;0.000;0.000;0.000;0.000;0.000;0.000;25.602;0.000;0.000;0.000;0.000;0.000
9;2008;TIM;TIM2;TP;5.55;52.088;41.135;6.777;0.000;0.000;0.000;0.000;6.777;51.167;0.000;8.142;0.000;0.000;0.000;0.000;38.855;0.000;0.000;0.000;0.000;0.000
1;2006;TIM;TIM3;PA;8.073;64.437;35.563;0.000;0.000;0.000;0.000;0.000;0.000;48.497;12.664;0.000;13.019;0.000;0.000;0.000;0.000;0.000;0.000;0.000;0.000;0.000
1;2007;TIM;TIM3;PA;12.27;54.730;31.418;13.852;1.222;0.000;4.170;8.460;0.000;37.718;9.590;0.000;36.709;0.000;0.000;0.000;0.000;0.000;0.000;0.000;0.000;0.000
1;2008;TIM;TIM3;PA;14.16;59.668;40.332;0.000;0.000;0.000;0.000;0.000;0.000;0.000;58.549;0.000;14.481;0.000;0.000;0.000;0.000;0.000;0.000;0.000;0.000;0.000
2;2006;TIM;TIM3;PA;26.64;93.209;6.791;0.000;0.000;0.000;0.000;0.000;0.000;90.493;9.495;0.000;0.000;0.000;0.000;0.000;0.000;0.000;0.000;0.000;0.000;0.000
2;2007;TIM;TIM3;PA;25.76;85.532;4.406;10.062;10.062;0.000;0.000;0.000;0.000;65.800;10.130;0.000;0.000;0.000;0.000;0.000;9.884;14.191;0.000;0.000;0.000;0.000
2;2008;TIM;TIM3;PA;27.96;50.611;2.644;46.745;0.000;46.745;0.000;0.000;0.000;29.968;55.908;3.813;0.000;0.000;0.000;0.000;0.000;10.043;0.000;0.000;0.000;0.000
3;2006;TIM;TIM3;PA;2.648;56.609;43.391;0.000;0.000;0.000;0.000;0.000;0.000;50.210;0.000;47.794;0.000;0.000;0.000;0.000;0.000;0.000;0.000;0.000;0.000;0.000
3;2007;TIM;TIM3;PA;4.289;32.385;67.615;0.000;0.000;0.000;0.000;0.000;0.000;61.286;18.768;19.973;0.000;0.000;0.000;0.000;0.000;0.000;0.000;0.000;0.000;0.000
3;2008;TIM;TIM3;PA;6.086;18.354;81.646;0.000;0.000;0.000;0.000;0.000;0.000;79.648;20.352;0.000;0.000;0.000;0.000;0.000;0.000;0.000;0.000;0.000;0.000;0.000
4;2006;TIM;TIM3;TP;5.486;51.456;43.219;5.324;5.324;0.000;0.000;0.000;0.000;92.059;7.897;0.000;0.000;0.000;0.000;0.000;0.000;0.000;0.000;0.000;0.000;0.000
4;2007;TIM;TIM3;TP;8.304;72.868;27.132;0.000;0.000;0.000;0.000;0.000;0.000;80.655;19.322;0.000;0.000;0.000;0.000;0.000;0.000;0.000;0.000;0.000;0.000;0.000
4;2008;TIM;TIM3;TP;11.22;61.275;38.725;0.000;0.000;0.000;0.000;0.000;0.000;81.224;0.000;20.000;0.000;0.000;0.000;0.000;0.000;0.000;0.000;0.000;0.000;0.000
5;2006;TIM;TIM3;PA;8.329;67.343;15.716;16.941;16.941;0.000;0.000;0.000;0.000;70.166;3.566;26.241;0.000;0.000;0.000;0.000;0.000;0.000;0.000;0.000;0.000;0.000
5;2007;TIM;TIM3;PA;11.26;77.607;8.695;13.697;9.477;0.000;4.220;0.000;0.000;73.209;0.000;26.791;0.000;0.000;0.000;0.000;0.000;0.000;0.000;0.000;0.000;0.000
5;2008;TIM;TIM3;PA;8.719;88.319;6.980;4.701;0.000;0.000;4.701;0.000;0.000;16.794;15.226;52.468;0.000;0.000;0.000;0.000;0.000;0.000;0.000;0.000;15.420;0.000
6;2006;TIM;TIM3;PA;23.92;76.401;23.599;0.000;0.000;0.000;0.000;0.000;0.000;32.631;26.467;0.000;0.000;0.000;0.000;0.000;0.000;0.000;0.000;0.000;40.874;0.000
6;2007;TIM;TIM3;PA;21.21;84.649;15.351;0.000;0.000;0.000;0.000;0.000;0.000;71.850;4.001;4.139;0.000;0.000;0.000;0.000;0.000;0.000;0.000;0.000;19.803;0.000
6;2008;TIM;TIM3;PA;28.29;80.173;19.827;0.000;0.000;0.000;0.000;0.000;0.000;46.887;4.277;33.074;0.000;0.000;0.000;0.000;0.000;0.000;0.000;0.000;14.742;0.000
