SITE_COL,YEAR,SITE,HAB,REEF,HEALTH %,BLEACHING %,DEAD %,HEALTH_PC1,HEALTH_PC2,PC1_INTERACAO,PC2_INTERACAO
FAR_1,2006,FAR,RR,ARC,55.178501373087485,44.82149862691252,0.0,-0.11629614181942731,-0.661373712746016,0.9889897656067295,0.47624203276311
FAR_1,2007,FAR,RR,ARC,64.48686770428014,32.076848249027236,3.4362840466926072,0.45015711646185513,-0.22811205153939126,1.2473073088310642,1.4440352389999211
FAR_1,2008,FAR,RR,ARC,66.78246286535698,33.217537134643024,0.0,0.5455282787995448,-0.4606950876188194,-0.24162651200087013,2.090183062672452
FAR_2,2006,FAR,RR,ARC,40.81357702349869,46.741514360313325,12.444908616187991,-0.8068177914519425,0.07630469737326401,0.9889897656067295,0.47624203276311
FAR_2,2007,FAR,RR,ARC,57.47263017356475,38.51357365376057,19.808188696039164,-0.2220549154971994,0.6152298516248345,1.2473073088310642,1.4440352389999211
FAR_2,2008,FAR,RR,ARC,42.133123689727455,10.204402515723272,47.66247379454927,-0.36714792699378185,2.889681289395922,-0.24162651200087013,2.090183062672452
FAR_3,2006,FAR,RR,ARC,31.85051371796318,47.63463926837531,20.514847013661512,-1.2345173830477165,0.5607404901307648,0.9889897656067295,0.47624203276311
FAR_3,2007,FAR,RR,ARC,24.09601776051062,29.554599694741224,46.34938254474817,-1.409469655520463,2.473701784274743,1.2473073088310642,1.4440352389999211
FAR_3,2008,FAR,RR,ARC,0.0,1.9047619047619049,98.0952380952381,-2.2483351322965457,6.15720477927486,-0.24162651200087013,2.090183062672452
FAR_4,2006,FAR,RR,ARC,53.13346228239845,40.81237911025145,6.0541586073500975,-0.17028879534536032,-0.2170233914083267,0.9889897656067295,0.47624203276311
FAR_4,2007,FAR,RR,ARC,48.501124156882334,50.28728453659754,1.2115913065201098,-0.48459919749408153,-0.6808484872181992,1.2473073088310642,1.4440352389999211
FAR_4,2008,FAR,RR,ARC,58.93196444989274,33.81857186638063,7.249463683726633,0.17279332105051706,-0.022031096419130133,-0.24162651200087013,2.090183062672452
FAR_5,2006,FAR,RR,ARC,79.0882638215325,20.911736178467507,0.0,1.2473816582250916,-0.24787886803558315,0.9889897656067295,0.47624203276311
FAR_5,2007,FAR,RR,ARC,85.2090909090909,14.790909090909091,0.0,1.5964790629028782,-0.14202543467225925,1.2473073088310642,1.4440352389999211
FAR_5,2008,FAR,RR,ARC,71.58371040723982,14.217194570135746,14.199095022624434,0.9662880926548826,0.7474402012819408,-0.24162651200087013,2.090183062672452
FAR_6,2006,FAR,RR,ARC,48.458357265939114,40.0,11.541642734060883,-0.38014916362491835,0.1369406917965541,0.9889897656067295,0.47624203276311
FAR_6,2007,FAR,RR,ARC,55.2421500798297,35.05588078765301,9.701969132517297,-0.01227578459820197,0.10848806276224329,1.2473073088310642,1.4440352389999211
FAR_6,2008,FAR,RR,ARC,51.79391350774159,38.99092365189535,9.215162840363053,-0.21398090331193348,0.010280967495677334,-0.24162651200087013,2.090183062672452
FAR_7,2006,FAR,RR,ARC,32.799404382046376,64.28419485215912,2.916400765794512,-1.3624962528276212,-0.8173085830274301,0.9889897656067295,0.47624203276311
FAR_7,2007,FAR,RR,ARC,25.356847160125852,73.37307501241928,1.2700778274548767,-1.8040128474194865,-1.0764707120412675,1.2473073088310642,1.4440352389999211
FAR_7,2008,FAR,RR,ARC,16.753695755841683,69.55174058178349,13.694563662374822,-2.1661268353644867,-0.24076659485584323,-0.24162651200087013,2.090183062672452
GUA_1,2006,GUA,RR,ARC,20.32049608355092,72.97650130548303,6.703002610966056,-2.035041198101986,-0.7330771623567787,-0.26532104031309095,-0.7823241433909263
GUA_1,2007,GUA,RR,ARC,41.338472319551514,56.250875963559906,2.4106517168885775,-0.8807092388162164,-0.7097085075804387,-1.9050246008815221,-0.5573831360147241
GUA_1,2008,GUA,RR,ARC,51.832283082889,45.123606398448864,3.0441105186621424,-0.2756468911297192,-0.4780350280108138,-2.021337755069547,-0.4653711340670653
GUA_2,2006,GUA,RR,ARC,34.28640894724045,58.92292730367128,6.790663749088257,-1.237597347103043,-0.48460494741562565,-0.26532104031309095,-0.7823241433909263
GUA_2,2007,GUA,RR,ARC,29.118587047939453,29.2094196804037,41.671993271656845,-1.1714095090618541,2.1899367355777164,-1.9050246008815221,-0.5573831360147241
GUA_2,2008,GUA,RR,ARC,3.142708604107091,0.0,96.85729139589291,-2.0819023192107213,6.1134627427044315,-2.021337755069547,-0.4653711340670653
MVE_1,2006,MVE,RR,ARC,47.86835222319093,46.57367044463818,5.55797733217088,-0.4757151222167321,-0.3473943035824502,-0.689960848563595,-0.8356046509803111
MVE_1,2007,MVE,RR,ARC,30.994189799870885,47.72756617172369,21.27824402840542,-1.275458085196725,0.6064210151953376,1.0512580828518985,-1.0332263611356072
MVE_1,2008,MVE,RR,ARC,49.21672555948175,50.783274440518255,0.0,-0.4563221602036135,-0.7644765172828983,-0.03498380641153431,3.335014274256019
MVE_2,2006,MVE,RR,ARC,36.706070927669806,63.293929072330194,0.0,-1.1698592362081313,-0.9808354713026765,-0.689960848563595,-0.8356046509803111
MVE_2,2007,MVE,RR,ARC,32.42626070409135,57.202664129400574,10.371075166508088,-1.3066417326494928,-0.23307099181510052,1.0512580828518985,-1.0332263611356072
MVE_2,2008,MVE,RR,ARC,27.767576709350088,22.800193283401786,49.432230007248116,-1.168165202966243,2.781475159876469,-0.03498380641153431,3.335014274256019
PNO_1,2006,PNO,RR,ARC,2.833492518306271,64.40624005093919,32.76026743075454,-2.762776062256076,1.0292189250622283,0.012066399912220954,-0.8996717330243378
PNO_1,2007,PNO,RR,ARC,55.054376894277055,44.945623105722945,0.0,-0.12337550099586624,-0.6635203184348489,-0.16104525071998585,-0.5017317287072733
PNO_1,2008,PNO,RR,ARC,54.79172265520022,26.91480784735286,18.29346949744692,0.05093410475612653,0.7814685054087346,-1.2542345489470057,-0.6900105536458168
PNO_2,2006,PNO,RR,ARC,7.180693069306926,24.076732673267326,68.74257425742573,-2.142512830558393,3.9555520044826182,0.012066399912220954,-0.8996717330243378
PNO_2,2007,PNO,RR,ARC,38.68478260869565,36.141304347826086,25.173913043478258,-0.7965200490540898,1.048105516788416,-0.16104525071998585,-0.5017317287072733
PNO_2,2008,PNO,RR,ARC,43.7890625,47.65625000000001,8.5546875,-0.6773665960233145,-0.18048922965116398,-1.2542345489470057,-0.6900105536458168
SIR_1,2006,SIR,RR,ARC,18.451612903225804,63.655913978494624,17.892473118279568,-2.025849766438904,0.12122953708588619,1.5709748226863713,0.2361534857595661
SIR_1,2007,SIR,RR,ARC,23.387478108581433,38.393169877408056,38.21935201401051,-1.5340054658816884,1.8172439692480558,1.399806083349766,1.8030273213859118
SIR_1,2008,SIR,RR,ARC,17.351655215490318,35.00936914428482,47.63897564022486,-1.780786059970724,2.4592492440308282,-0.8250817331996806,5.316146355566038
SIR_2,2006,SIR,RR,ARC,16.843534572801342,80.21725506580322,2.939210361395446,-2.2722929227700437,-1.0914416254458412,1.5709748226863713,0.2361534857595661
SIR_2,2007,SIR,RR,ARC,28.893690579083835,71.10630942091616,0.0,-1.615433284459021,-1.1159425852283307,1.399806083349766,1.8030273213859118
SIR_2,2008,SIR,RR,ARC,19.823920265780725,78.4717607973422,1.7043189368770764,-2.115086477519972,-1.1377487777206863,-0.8250817331996806,5.316146355566038
ITA1_1,2006,ITA1,PA,ITA,73.89844733529164,15.093020002797594,11.008532661910756,1.0652935748256418,0.5346586063843966,-0.520913063804165,-0.9952428201558523
ITA1_1,2007,ITA1,PA,ITA,66.24633431085046,33.75366568914956,0.0,0.514950534276698,-0.4699668816765193,1.6099213257627116,0.8453804197318002
ITA1_1,2008,ITA1,PA,ITA,80.1051779935275,10.550161812297736,9.344660194174757,1.402073673286511,0.51015634371991,0.5478959494168568,-1.0326902463104213
ITA1_2,2006,ITA1,TP,ITA,9.741035856573703,54.133466135458164,36.125498007968126,-2.333987405828581,1.4153307038831937,1.6140233157281227,-0.2009152719186846
ITA1_2,2007,ITA1,TP,ITA,10.858046658758399,53.736654804270465,35.40529853697114,-2.2777316138159236,1.3775813623615518,1.3819582623693394,-0.0981038742725753
ITA1_2,2008,ITA1,TP,ITA,8.29787234042552,36.80016687526074,54.90196078431373,-2.2220096547449746,2.8781750717988515,0.02244635629994905,-0.6953419846968737
ITA1_3,2006,ITA1,TP,ITA,3.3291457286432116,36.55778894472362,60.11306532663316,-2.451476351577948,3.2051616072117315,1.6140233157281227,-0.2009152719186846
ITA1_3,2007,ITA1,TP,ITA,2.607933377164157,27.635327635327634,69.75673898750821,-2.392823242768599,3.9568308198620645,1.3819582623693394,-0.0981038742725753
ITA1_3,2008,ITA1,TP,ITA,9.061016949152549,19.242937853107346,71.69604519774012,-2.0047090200158197,4.222096315841077,0.02244635629994905,-0.6953419846968737
ITA1_4,2006,ITA1,TP,ITA,23.111359820928932,63.31281477336318,13.575825405707889,-1.8047502199352476,-0.14022584661732407,1.6140233157281227,-0.2009152719186846
ITA1_4,2007,ITA1,TP,ITA,24.817518248175187,62.14517437145174,13.037307380373072,-1.713012843761066,-0.15339047648363216,1.3819582623693394,-0.0981038742725753
ITA1_4,2008,ITA1,TP,ITA,33.07692307692309,38.0685618729097,28.854515050167223,-1.0782760057198892,1.2427655101837327,0.02244635629994905,-0.6953419846968737
ITA3_1,2006,ITA3,PA,ITA,84.52643856920685,8.242612752721618,7.23094867807154,1.632365976764874,0.41913202540161526,0.09101677047055819,-0.9333339481969555
ITA3_1,2007,ITA3,PA,ITA,78.19931972789117,5.664625850340136,16.13605442176871,1.3636475827112824,1.0153304578200637,0.19149124386172406,0.8204307201952957
ITA3_1,2008,ITA3,PA,ITA,59.52491533623609,6.163522012578616,34.31156265118529,0.4866343623362019,2.132559955340237,0.2814101425910175,3.555256912637269
ITA3_2,2006,ITA3,PA,ITA,90.03894763992778,5.439773020376579,4.52127933969564,1.9187303143068903,0.2997574465947574,0.09101677047055819,-0.9333339481969555
ITA3_2,2007,ITA3,PA,ITA,86.40496836184673,7.150222638856339,6.444808999296929,1.7313722007176726,0.38932742884437044,0.19149124386172406,0.8204307201952957
ITA3_2,2008,ITA3,PA,ITA,74.94350961538461,5.7191506410256405,19.33733974358974,1.2110795563936847,1.2126868181927155,0.2814101425910175,3.555256912637269
ITA3_3,2006,ITA3,PA,ITA,87.0448343079922,12.955165692007798,0.0,1.701179497508107,-0.1102781334059408,0.09101677047055819,-0.9333339481969555
ITA3_3,2007,ITA3,PA,ITA,95.16359206404455,4.836407935955448,0.0,2.164227582562915,0.030127463881740077,0.19149124386172406,0.8204307201952957
ITA3_3,2008,ITA3,PA,ITA,94.01940883190883,4.650997150997151,1.329594017094017,2.1127276802063673,0.11569386537981087,0.2814101425910175,3.555256912637269
ITA4_1,2006,ITA4,PA,ITA,58.64444944832245,22.17968925917586,19.17586129250169,0.2798023440137796,0.9180161021729064,1.610770256057651,0.23616618492223948
ITA4_1,2007,ITA4,PA,ITA,55.27604726100965,17.03329752953813,27.690655209452203,0.17579372195404128,1.534455123809104,1.9230078240890034,-0.31253467043478034
ITA4_1,2008,ITA4,PA,ITA,41.95445920303605,28.633776091081593,29.411764705882355,-0.5661854009276236,1.440448543776584,2.039577808547137,-0.2878078891712643
ITA4_2,2006,ITA4,PA,ITA,91.66926677067083,8.330733229329173,0.0,1.9649310049000244,-0.030303311943273306,1.610770256057651,0.23616618492223948
ITA4_2,2007,ITA4,PA,ITA,97.22074074074074,2.779259259259259,0.0,2.281555723645471,0.06570374258592608,1.9230078240890034,-0.31253467043478034
ITA4_2,2008,ITA4,PA,ITA,83.75698663426489,3.1202916160388816,13.122721749696234,1.6494453409302423,0.8726752747611631,2.039577808547137,-0.2878078891712643
ITA4_3,2006,ITA4,PA,ITA,14.617109900672858,79.33354694008331,6.049343159243833,-2.367093809861803,-0.8835058084724984,1.610770256057651,0.23616618492223948
ITA4_3,2007,ITA4,PA,ITA,15.092024539877311,69.75460122699386,15.153374233128837,-2.2458042734923094,-0.15391080442911376,1.9230078240890034,-0.31253467043478034
ITA4_3,2008,ITA4,PA,ITA,57.23743155798905,42.762568442010945,0.0,0.0011336064286330894,-0.6257666246826684,2.039577808547137,-0.2878078891712643
ITA4_4,2006,ITA4,PA,ITA,13.506092016730301,63.229678123295145,23.26422985997454,-2.25233060655972,0.4613470912077144,1.610770256057651,0.23616618492223948
ITA4_4,2007,ITA4,PA,ITA,15.15761234071093,57.91415157612341,26.928236083165665,-2.1202242628385215,0.7802356110384179,1.9230078240890034,-0.31253467043478034
ITA4_4,2008,ITA4,PA,ITA,52.42144177449168,47.57855822550832,0.0,-0.27354324856553636,-0.7090542337481356,2.039577808547137,-0.2878078891712643
ITA5_1,2006,ITA5,PA,ITA,57.60330578512396,33.69725967812092,8.699434536755112,0.11201756975027101,0.06988336661254432,-1.5239573699545692,-0.5196860892768074
ITA5_1,2007,ITA5,PA,ITA,74.88731487443657,12.231165486155827,12.881519639407598,1.1410735468154827,0.7001711056604885,2.1106537255553555,-1.4188258447892033
ITA5_1,2008,ITA5,PA,ITA,88.5691573926868,4.841017488076312,6.589825119236884,1.8563058593861343,0.43824559440008,0.29755306943190535,-0.16134807870132045
ITA6_1,2006,ITA6,PA,ITA,34.02056277056276,58.06277056277056,7.916666666666666,-1.2411085043094743,-0.39998068257645597,0.8434183470979798,0.5982720770816643
ITA6_1,2007,ITA6,PA,ITA,56.63793103448276,35.88054187192118,7.4815270935960605,0.04435586633519365,-0.04331589946750922,2.114031457485974,-0.8298951739867426
ITA6_1,2008,ITA6,PA,ITA,55.50678371907423,22.11492418196329,22.37829209896249,0.13398445879220552,1.1175064140963238,2.117962984977677,-0.2816538170745423
ITA6_2,2006,ITA6,PA,ITA,50.169133192389005,49.830866807610995,0.0,-0.40200220832667455,-0.7480056030645251,0.8434183470979798,0.5982720770816643
ITA6_2,2007,ITA6,PA,ITA,91.06485740570378,8.935142594296229,0.0,1.9304589086204489,-0.040755952660531454,2.114031457485974,-0.8298951739867426
ITA6_2,2008,ITA6,PA,ITA,49.114678139996684,0.0,50.88532186000331,0.0643886158478463,3.265790961844867,2.117962984977677,-0.2816538170745423
ITA6_3,2006,ITA6,TP,ITA,27.254843517138593,63.39791356184799,9.347242921013414,-1.612184165071347,-0.40363139389130087,1.1380172187716397,-0.7442528266640406
ITA6_3,2007,ITA6,TP,ITA,21.261796574624253,56.55365256903181,22.184550856343936,-1.8211609001596958,0.5099228504437887,1.5631048476942857,1.342175638278911
ITA6_3,2008,ITA6,TP,ITA,22.90814558058926,48.838821490467936,28.253032928942805,-1.6644694161155773,1.0192469043215115,1.4474213069128243,1.7186235696002727
ITA7_1,2006,ITA7,PA,ITA,91.55240933929457,8.447590660705414,0.0,1.9582661170626139,-0.03232424149221253,-2.3991906045099487,-0.3292036473618233
ITA7_1,2007,ITA7,PA,ITA,69.25531914893617,0.0,30.744680851063833,1.0046936682561072,2.0182060611195562,0.3095063015157023,-1.128909025360512
ITA7_1,2008,ITA7,PA,ITA,57.00629921259842,0.0,42.99370078740157,0.43282431573273517,2.776955115555085,0.7642427052229799,4.025962326621551
ITA7_2,2006,ITA7,TP,ITA,43.06568778979907,55.71870170015456,1.2156105100463679,-0.7945641984600436,-0.7745303181302722,1.077765372330548,-1.25242075480739
ITA7_2,2007,ITA7,TP,ITA,26.29441624365483,45.68066451315181,28.024919243193352,-1.4736960487093527,1.059733798289157,0.4259947801255629,-0.25042895509397095
ITA7_2,2008,ITA7,TP,ITA,46.480706648070665,31.808461180846116,21.710832171083215,-0.3877184727039677,0.90852171632791,2.1285629474628487,1.6024654624067487
PAB1_1,2006,PAB1,TP,PAB,68.64954984994999,31.35045015005002,0.0,0.6520163744939935,-0.42840573115114927,-3.169915458613485,1.0020347061289177
PAB1_1,2007,PAB1,TP,PAB,41.33333333333333,58.66666666666668,0.0,-0.9059463248527818,-0.9008117088755139,-0.5077325830046014,-0.5487306986546007
PAB1_1,2008,PAB1,TP,PAB,84.45568400770713,15.544315992292871,0.0,1.5535089887320157,-0.15505483512586843,-1.3033941096648842,1.025031321530317
PAB1_2,2006,PAB1,TP,PAB,59.066288367294305,40.933711632705695,0.0,0.10544126886097248,-0.5941384199277328,-3.169915458613485,1.0020347061289177
PAB1_2,2007,PAB1,TP,PAB,65.9842894548917,34.015710545108305,0.0,0.5000049758062892,-0.4744986789813008,-0.5077325830046014,-0.5487306986546007
PAB1_2,2008,PAB1,TP,PAB,71.13537117903931,24.20669577874818,9.143377001455605,0.7630035537583363,0.24462147644548723,-1.3033941096648842,1.025031321530317
PAB1_3,2006,PAB1,TP,PAB,75.4116498535633,24.588350146436706,0.0,1.0376883641882346,-0.3114621397231906,-3.169915458613485,1.0020347061289177
PAB1_3,2007,PAB1,TP,PAB,29.751943724546475,27.15660866345798,43.09144761199555,-1.1205987540689741,2.3133641876197792,-0.5077325830046014,-0.5487306986546007
PAB1_3,2008,PAB1,TP,PAB,55.60190703218117,15.115613825983312,29.28247914183552,0.21085016811343185,1.6662228898043505,-1.3033941096648842,1.025031321530317
PAB1_4,2006,PAB1,TP,PAB,51.40548554484803,47.67976278724982,0.9147516679021497,-0.3220223483628972,-0.6541414020175315,-3.169915458613485,1.0020347061289177
PAB1_4,2007,PAB1,TP,PAB,39.77591036414566,60.22408963585434,0.0,-0.9947729341902897,-0.9277457434641593,-0.5077325830046014,-0.5487306986546007
PAB1_4,2008,PAB1,TP,PAB,42.076176250933536,43.659447348767735,14.26437640029873,-0.7159794948038092,0.24231037172447206,-1.3033941096648842,1.025031321530317
PAB1_5,2006,PAB1,PA,PAB,86.5701381509033,13.429861849096705,0.0,1.6741055099440572,-0.11848751709109247,0.13852062053212483,-0.8466052129089702
PAB1_5,2007,PAB1,PA,PAB,89.55876854044622,10.441231459553784,0.8064315094104448,1.830359049886262,-0.019885690387053564,-0.28421539451166206,-0.8722265132109397
PAB1_5,2008,PAB1,PA,PAB,86.01380042462846,13.593418259023354,0.8793347487615003,1.6378713314060287,-0.06867906991636616,-2.5728473736425173,0.8900210728805721
PAB1_6,2006,PAB1,PA,PAB,89.79320229320228,10.206797706797706,0.0,1.8579308837197175,-0.06274792495230232,0.13852062053212483,-0.8466052129089702
PAB1_6,2007,PAB1,PA,PAB,80.74158153613318,19.258418463866818,0.0,1.3416775621966481,-0.219286432074335,-0.28421539451166206,-0.8722265132109397
PAB1_6,2008,PAB1,PA,PAB,82.05136540962289,17.62678803641092,0.3218465539661899,1.4197105125900902,-0.17113270390087704,-2.5728473736425173,0.8900210728805721
PAB1_7,2006,PAB1,PA,PAB,67.64791464597478,30.819592628516002,1.5324927255092147,0.6107460814197503,-0.32429689485411767,0.13852062053212483,-0.8466052129089702
PAB1_7,2007,PAB1,PA,PAB,84.0852233676976,9.323711340206184,6.59106529209622,1.6005804218693787,0.36079881782670314,-0.28421539451166206,-0.8722265132109397
PAB1_7,2008,PAB1,PA,PAB,87.55679702048418,3.4376163873370573,9.005586592178771,1.8235634018918074,0.612157071731398,-2.5728473736425173,0.8900210728805721
PAB2_1,2006,PAB2,PA,PAB,68.15804434337693,31.84195565662308,0.0,0.62398367657997,-0.43690581531354833,0.058106588534856514,-0.9111813625202728
PAB2_1,2007,PAB2,PA,PAB,70.22547227300427,29.774527726995736,0.0,0.7418980881891982,-0.4011517674615644,0.8649659074516528,-1.1109194047049016
PAB2_1,2008,PAB2,PA,PAB,90.63649222065064,9.363507779349362,0.0,1.9060273780091144,-0.048164089652892934,-2.761254357741026,-0.20396903296922825
PAB2_2,2006,PAB2,TP,PAB,41.18937768240344,57.778969957081536,1.0316523605150214,-0.9034818182817356,-0.8215555867683513,-0.7039700182886234,-0.5285457120430197
PAB2_2,2007,PAB2,TP,PAB,43.33333333333333,56.666666666666664,0.0,-0.791877621494902,-0.8662237579829003,1.702919900843405,-0.4061581788548319
PAB2_2,2008,PAB2,TP,PAB,38.007317073170725,58.420731707317074,3.5719512195121954,-1.0586830834824092,-0.6752988047967399,-1.3568661682004892,-0.5006920557334743
PAB2_3,2006,PAB2,TP,PAB,53.290267011197244,46.70973298880276,0.0,-0.22399036446773363,-0.6940287914374182,-0.7039700182886234,-0.5285457120430197
PAB2_3,2007,PAB2,TP,PAB,52.84069097888676,47.159309021113245,0.0,-0.24963164200095195,-0.7018037483014437,1.702919900843405,-0.4061581788548319
PAB2_3,2008,PAB2,TP,PAB,47.95889689091867,44.82698050237134,7.214122606709996,-0.4534141615075071,-0.21459940052435875,-1.3568661682004892,-0.5006920557334743
PAB2_4,2006,PAB2,TP,PAB,50.77982541222114,46.7992240543162,2.420950533462657,-0.3421212201877333,-0.5456139252030707,-0.7039700182886234,-0.5285457120430197
PAB2_4,2007,PAB2,TP,PAB,60.791705937794525,39.20829406220547,0.0,0.2038493413699039,-0.5642990908288757,1.702919900843405,-0.4061581788548319
PAB2_4,2008,PAB2,TP,PAB,57.214285714285715,40.256410256410255,2.529304029304029,0.025985228943885524,-0.42575085256155715,-1.3568661682004892,-0.5006920557334743
PAB2_5,2006,PAB2,TP,PAB,54.46812620734063,44.62974887314874,0.9021249195106246,-0.1474772778192606,-0.6021766832113946,-0.7039700182886234,-0.5285457120430197
PAB2_5,2007,PAB2,TP,PAB,44.197740112994346,55.802259887005654,0.0,-0.7425767412300561,-0.8512747283598218,1.702919900843405,-0.4061581788548319
PAB2_5,2008,PAB2,TP,PAB,68.75230898404703,23.845507976490342,7.402183039462636,0.7344705536967684,0.15990282056858948,-1.3568661682004892,-0.5006920557334743
PAB2_6,2006,PAB2,TP,PAB,66.84127815610267,33.158721843897325,0.0,0.5488827707760341,-0.4596779374247959,-0.7039700182886234,-0.5285457120430197
PAB2_6,2007,PAB2,TP,PAB,43.53696098562629,39.45071868583162,17.012320328542092,-0.604230498441863,0.4853137101563508,1.702919900843405,-0.4061581788548319
PAB2_6,2008,PAB2,TP,PAB,51.667698019801975,41.86262376237623,6.469678217821782,-0.24958816048493154,-0.2094474935972057,-1.3568661682004892,-0.5006920557334743
PAB3_1,2006,PAB3,TP,PAB,57.571730594986406,28.23920265780731,14.189066747206283,0.1670201417071462,0.5043227496817579,-0.49990309945077077,-0.4298392608888952
PAB3_1,2007,PAB3,TP,PAB,64.44545179812633,35.55454820187368,0.0,0.41223836771353756,-0.5011112996332533,-0.41856864408046224,-0.5610757339825718
PAB3_1,2008,PAB3,TP,PAB,92.61431411530815,7.385685884691849,0.0,2.0188311675073174,-0.013959686369518122,0.14997104924993337,0.8114802468861231
PAB3_2,2006,PAB3,TP,PAB,35.476190476190474,64.52380952380953,2.1153061224489798,-1.277254680975551,-0.8790408352916125,-0.49990309945077077,-0.4298392608888952
PAB3_2,2007,PAB3,TP,PAB,74.54418928322896,25.455810716771047,0.0,0.9882133129521719,-0.3264639815271918,-0.41856864408046224,-0.5610757339825718
PAB3_2,2008,PAB3,TP,PAB,76.34987195902688,16.754161331626122,6.895966709346991,1.162554607420567,0.25118350605568734,0.14997104924993337,0.8114802468861231
PAB3_4,2006,PAB3,TP,PAB,22.35684647302905,68.1908713692946,9.452282157676347,-1.890451367586784,-0.48001417438195904,-0.49990309945077077,-0.4298392608888952
PAB3_4,2007,PAB3,TP,PAB,31.994408201304758,68.00559179869524,0.0,-1.438585865136187,-1.0623188508037116,-0.41856864408046224,-0.5610757339825718
PAB3_4,2008,PAB3,TP,PAB,44.31106471816284,55.68893528183716,0.0,-0.7361133458449993,-0.8493148954205755,0.14997104924993337,0.8114802468861231
PAB5_1,2006,PAB5,PA,PAB,84.79621821898556,15.203781781014436,0.0,1.57293113669678,-0.14916564483739164,-1.976184497159756,-0.09658572847710575
PAB5_1,2007,PAB5,PA,PAB,89.31117478510029,10.688825214899714,0.0,1.830438757303705,-0.0710840968418628,-3.3916893861044874,0.3648148785695817
PAB5_1,2008,PAB5,PA,PAB,86.52534562211981,13.474654377880185,0.0,1.6715507971048307,-0.11926215798405206,-1.121322398213296,0.07914157775575273
ARE_1,2006,ARE,PA,UCR,91.29450731438034,4.261661606403534,4.44383107921612,1.9895389578909402,0.31533424820048006,-0.08124454808425566,-0.5783870969368001
ARE_1,2007,ARE,PA,UCR,95.49807903402852,3.1147091108671794,1.387211855104281,2.197658871580436,0.14583145245401702,1.3646171741624884,-0.6750917297866873
ARE_1,2008,ARE,PA,UCR,86.43467492260062,12.749226006191952,0.8160990712074304,1.6748239593594516,-0.05616445892883373,-1.2296455049397987,-0.5275461370461971
ARE_2,2006,ARE,PA,UCR,97.68947368421051,2.310526315789474,8.293859649122806,2.1622368137791343,0.5563296898573318,-0.08124454808425566,-0.5783870969368001
ARE_2,2007,ARE,PA,UCR,89.95602462620933,10.043975373790676,0.0,1.8672173499216267,-0.05993207952316832,1.3646171741624884,-0.6750917297866873
ARE_2,2008,ARE,PA,UCR,96.42519368145689,3.5748063185431134,0.0,2.2361822128891298,0.051945571276289786,-1.2296455049397987,-0.5275461370461971
ARE_3,2006,ARE,PA,UCR,76.96696696696696,23.033033033033032,0.0,1.1263948674063726,-0.28456452375276686,-0.08124454808425566,-0.5783870969368001
ARE_3,2007,ARE,PA,UCR,62.37918215613384,36.044609665427515,1.576208178438662,0.3106996811457044,-0.4119503163003603,1.3646171741624884,-0.6750917297866873
ARE_3,2008,ARE,PA,UCR,58.901785714285715,41.098214285714285,0.0,0.09605896669716199,-0.5969833247697156,-1.2296455049397987,-0.5275461370461971
ARE_4,2006,ARE,TP,UCR,30.185379503322835,69.81462049667716,0.0,-1.5417626440941827,-1.0936041486882753,-0.14102438141014653,-0.9115304408514856
ARE_4,2007,ARE,TP,UCR,29.880000000000006,70.11999999999999,0.0,-1.5591797660822366,-1.0988853743205456,0.8102607099969674,-1.1133886949531504
ARE_4,2008,ARE,TP,UCR,9.661538461538463,84.76923076923076,5.569230769230769,-2.654699530970591,-1.007250306980805,1.1010582185999764,-1.186564264071954
ARE_5,2006,ARE,TP,UCR,45.60331927628894,51.12229628621956,3.2743844374914977,-0.628529066195124,-0.567512215655533,-0.14102438141014653,-0.9115304408514856
ARE_5,2007,ARE,TP,UCR,36.068111455108365,63.931888544891635,0.0,-1.2062448411231115,-0.9918683267568928,0.8102607099969674,-1.1133886949531504
ARE_5,2008,ARE,TP,UCR,77.00432069131061,18.710993759001436,4.284685549687949,1.1728606853795673,0.05558979709961664,1.1010582185999764,-1.186564264071954
PA2_1,2006,PA2,PA,UCR,62.200117027501456,37.79988297249854,0.0,0.28417715476876765,-0.5399420640251781,-0.19000763894471914,-0.4107927445414106
PA2_1,2007,PA2,PA,UCR,74.3004023245418,25.699597675458204,0.0,0.9743090818156697,-0.3306800272048573,0.04763681968473355,-0.9194102124106388
PA2_1,2008,PA2,PA,UCR,76.87854545454546,20.810909090909092,2.3105454545454545,1.1452599511179058,-0.10301153835827609,0.0073513197267697315,-0.7760547261461829
PA2_2,2006,PA2,PA,UCR,61.997628146000785,38.00237185399921,0.0,0.2726283326901833,-0.5434439017700008,-0.19000763894471914,-0.4107927445414106
PA2_2,2007,PA2,PA,UCR,47.43979171186808,52.56020828813192,0.0,-0.5576684301786227,-0.7952067676132402,0.04763681968473355,-0.9194102124106388
PA2_2,2008,PA2,PA,UCR,62.43878550440745,37.56121449559255,0.0,0.2977894566153007,-0.5358145372457586,0.0073513197267697315,-0.7760547261461829
PA2_3,2006,PA2,PA,UCR,65.58194774346794,34.418052256532064,0.0,0.47705767714184,-0.4814567666596883,-0.19000763894471914,-0.4107927445414106
PA2_3,2007,PA2,PA,UCR,72.15647600262986,26.163708086785007,1.6798159105851413,0.8694133679202031,-0.23465240548609764,0.04763681968473355,-0.9194102124106388
PA2_3,2008,PA2,PA,UCR,72.17347956131604,27.17514124293785,0.651379195746095,0.8597415046587785,-0.3158492338184401,0.0073513197267697315,-0.7760547261461829
PA2_4,2006,PA2,PA,UCR,43.4761281883584,56.5238718116416,0.0,-0.783733409515459,-0.8637542672662378,-0.19000763894471914,-0.4107927445414106
PA2_4,2007,PA2,PA,UCR,37.87046017889859,62.12953982110141,0.0,-1.1034490501623715,-0.9606985521819825,0.04763681968473355,-0.9194102124106388
PA2_4,2008,PA2,PA,UCR,54.82758620689655,45.172413793103445,0.0,-0.13631036081743442,-0.6674424310138584,0.0073513197267697315,-0.7760547261461829
PA2_5,2006,PA2,PA,UCR,90.02443494196703,9.975565058032988,0.0,1.8711190879290183,-0.058748993202180806,-0.19000763894471914,-0.4107927445414106
PA2_5,2007,PA2,PA,UCR,87.24687933425798,12.753120665742024,0.0,1.7127030045911298,-0.10678397168265215,0.04763681968473355,-0.9194102124106388
PA2_5,2008,PA2,PA,UCR,84.17602996254682,15.823970037453186,0.0,1.5375591015719041,-0.15989116531633124,0.0073513197267697315,-0.7760547261461829
PA2_6,2006,PA2,PA,UCR,52.80199252801992,47.19800747198007,0.0,-0.25183878305712104,-0.7024729983605446,-0.19000763894471914,-0.4107927445414106
PA2_6,2007,PA2,PA,UCR,66.52402099313687,33.475979006863135,0.0,0.5307882141707796,-0.46516457501129155,0.04763681968473355,-0.9194102124106388
PA2_6,2008,PA2,PA,UCR,75.06019830028329,24.939801699716714,0.0,1.0176435527003527,-0.31754013425618133,0.0073513197267697315,-0.7760547261461829
PA2_7,2006,PA2,PA,UCR,69.3840155945419,30.61598440545809,0.0,0.6939061520671835,-0.4157038985980231,-0.19000763894471914,-0.4107927445414106
PA2_7,2007,PA2,PA,UCR,68.19248016557434,31.80751983442567,0.0,0.6259477013735306,-0.43631028304999286,0.04763681968473355,-0.9194102124106388
PA2_7,2008,PA2,PA,UCR,74.44481272787537,25.555187272124623,0.0,0.9825454355454943,-0.32818259723541504,0.0073513197267697315,-0.7760547261461829
PA2_8,2006,PA2,TP,UCR,55.446481371969256,44.553518628030744,0.0,-0.10101207632028238,-0.6567392732252532,-1.6569329533053447,-0.6115876997693971
PA2_8,2007,PA2,TP,UCR,26.289105972548526,73.71089402745147,0.0,-1.7639840788857084,-1.1609862074615807,-0.14667825992083514,-0.864968295668058
PA2_8,2008,PA2,TP,UCR,30.865335381464416,66.06246799795186,3.072196620583717,-1.4711925417225051,-0.8384114306027868,-0.6735892862841016,-0.7284943701408003
PA2_9,2006,PA2,TP,UCR,48.545350827153456,51.454649172846544,0.0,-0.4946135827955793,-0.7760872554190544,-1.6569329533053447,-0.6115876997693971
PA2_9,2007,PA2,TP,UCR,40.50615595075239,59.49384404924761,0.0,-0.953123850591768,-0.9151168942196086,-0.14667825992083514,-0.864968295668058
PA2_9,2008,PA2,TP,UCR,39.29047746065617,58.922379301146975,1.7871432381968526,-1.003966991980026,-0.7945318142600368,-0.6735892862841016,-0.7284943701408003
PA2_10,2006,PA2,TP,UCR,26.916677332650707,73.0833226673493,0.0,-1.7281909532300102,-1.1501330037691682,-1.6569329533053447,-0.6115876997693971
PA2_10,2007,PA2,TP,UCR,27.25631768953068,72.74368231046931,0.0,-1.7088197856713572,-1.144259271776711,-0.14667825992083514,-0.864968295668058
PA2_10,2008,PA2,TP,UCR,44.211277658815135,55.78872234118487,0.0,-0.7418046360808437,-0.851040610374794,-0.6735892862841016,-0.7284943701408003
PLE_1,2006,PLE,PA,UCR,91.64897381457891,8.35102618542109,0.0,1.9637736093056728,-0.030654257827659917,-0.9761423625723249,-0.6903622652520903
PLE_1,2007,PLE,PA,UCR,94.08129175946549,5.918708240534521,0.0,2.102499286369329,0.011410188988819446,-2.4127421232407174,0.5390940051411784
PLE_1,2008,PLE,PA,UCR,95.7843137254902,4.215686274509804,0.0,2.199630040096542,0.04086220905377174,0.7508585625637586,-1.0126338000829447
PLE_2,2006,PLE,PA,UCR,54.21089796398729,42.203130516652934,3.585971519359774,-0.13437727879029146,-0.39396353940276624,-0.9761423625723249,-0.6903622652520903
PLE_2,2007,PLE,PA,UCR,60.89272274648295,39.10727725351705,0.0,0.20961076956212366,-0.5625521086197539,-2.4127421232407174,0.5390940051411784
PLE_2,2008,PLE,PA,UCR,76.67414668713832,20.621235384433685,2.7046179284280143,1.1376798270390762,-0.07532103690917258,0.7508585625637586,-1.0126338000829447
PLE_3,2006,PLE,PA,UCR,76.498696785404,23.501303214596003,0.0,1.0996873811903491,-0.29266277677495445,-0.9761423625723249,-0.6903622652520903
PLE_3,2007,PLE,PA,UCR,67.6761133603239,32.32388663967611,0.0,0.5964970554075464,-0.4452403179012818,-2.4127421232407174,0.5390940051411784
PLE_3,2008,PLE,PA,UCR,74.92,25.080000000000002,0.0,1.009647433537206,-0.31996472021889444,0.7508585625637586,-1.0126338000829447
PLE_4,2006,PLE,PA,UCR,98.1403432543993,1.8596567456006952,0.0,2.3340046568143102,0.08160732587749923,-0.9761423625723249,-0.6903622652520903
PLE_4,2007,PLE,PA,UCR,89.55424274973147,1.1600429645542425,9.285714285714286,1.9403850184981892,0.6688975035443081,-2.4127421232407174,0.5390940051411784
PLE_4,2008,PLE,PA,UCR,91.93193362682018,4.629190653572638,3.4388757196071795,2.0154954752264462,0.24672760266568508,0.7508585625637586,-1.0126338000829447
PLE_5,2006,PLE,PA,UCR,57.4109071274298,42.58909287257019,0.0,0.011027673063821358,-0.6227665424442259,-0.9761423625723249,-0.6903622652520903
PLE_5,2007,PLE,PA,UCR,61.27982646420824,38.72017353579175,0.0,0.23168897913509298,-0.5558575464302387,-2.4127421232407174,0.5390940051411784
PLE_5,2008,PLE,PA,UCR,59.03298350824587,40.96701649175413,0.0,0.1035417478173865,-0.5947143933423591,0.7508585625637586,-1.0126338000829447
PLE_6,2006,PLE,TP,UCR,15.910418695228826,84.08958130477117,0.0,-2.355925779026097,-1.3404749704004426,-1.0806472160003313,0.4930383845825843
PLE_6,2007,PLE,TP,UCR,17.181724086943664,82.81827591305634,0.0,-2.2834177002237013,-1.3184890461713692,0.417681323529847,-0.8969669040242443
PLE_6,2008,PLE,TP,UCR,32.71638915646072,65.87312508600522,1.410485757534058,-1.382813283423107,-0.9380693819066253,0.20524001021537347,0.8240446470148756
PLE_7,2006,PLE,TP,UCR,30.420178041543032,64.33234421364985,5.247477744807121,-1.4740732893297148,-0.6737458507515885,-1.0806472160003313,0.4930383845825843
PLE_7,2007,PLE,TP,UCR,34.19766796224321,39.90560799555802,25.896724042198777,-1.0449605063827712,1.027779296442187,0.417681323529847,-0.8969669040242443
PLE_7,2008,PLE,TP,UCR,55.05836575875486,22.084491384102282,22.857142857142858,0.11336409340897637,1.1476944839025485,0.20524001021537347,0.8240446470148756
SGO_1,2006,SGO,PA,UCR,35.82336633663367,63.524752475247524,0.6518811881188118,-1.2134584422491324,-0.9444474227108817,0.32481332415135655,0.10552222257576292
SGO_1,2007,SGO,PA,UCR,59.78593272171254,40.21406727828746,0.0,0.14648571805462565,-0.5816929081323505,1.5052632914651207,-0.3292334308368653
SGO_1,2008,SGO,PA,UCR,68.54614850798058,20.23594725884802,11.21790423317141,0.7621951334581544,0.45868618889209845,0.15809913178570414,-0.10893727541060999
SGO_2,2006,SGO,PA,UCR,99.17622208811103,0.823777911888956,0.0,2.3930853345129957,0.0995217889930589,0.32481332415135655,0.10552222257576292
SGO_2,2007,SGO,PA,UCR,96.23224520308996,3.137303762770994,0.630451034139048,2.2317010530891572,0.09856417054159582,1.5052632914651207,-0.3292334308368653
SGO_2,2008,SGO,PA,UCR,94.06191619962637,4.875900720576461,1.0621830797971712,2.1123850513555675,0.0952399779577498,0.15809913178570414,-0.10893727541060999
SGO_3,2006,SGO,PA,UCR,67.57878151260503,32.42121848739496,0.0,0.5909457965751881,-0.4469235724858752,0.32481332415135655,0.10552222257576292
SGO_3,2007,SGO,PA,UCR,79.8639774859287,20.136022514071293,0.0,1.291623984162424,-0.2344636949701505,1.5052632914651207,-0.3292334308368653
SGO_3,2008,SGO,PA,UCR,73.56197530864198,25.846913580246913,0.5911111111111111,0.9383098411946686,-0.2966121226227971,0.15809913178570414,-0.10893727541060999
SGO_4,2006,SGO,PA,UCR,87.41929133858268,6.913385826771654,5.667322834645669,1.78117849061578,0.34526294477903907,0.32481332415135655,0.10552222257576292
SGO_4,2007,SGO,PA,UCR,83.71660204441311,15.206203736341205,1.0771942192456818,1.5225020919228407,-0.08248218391961465,1.5052632914651207,-0.3292334308368653
SGO_4,2008,SGO,PA,UCR,88.09485850936629,9.878437624551614,2.026703866082104,1.782038070831402,0.0684721695633092,0.15809913178570414,-0.10893727541060999
SGO_5,2006,SGO,PA,UCR,97.02592780884596,2.9740721911540415,0.0,2.2704446943761787,0.06233465252511477,0.32481332415135655,0.10552222257576292
SGO_5,2007,SGO,PA,UCR,94.72191655204034,3.943145346171481,1.3349381017881707,2.152850049977017,0.12826646924605528,1.5052632914651207,-0.3292334308368653
SGO_5,2008,SGO,PA,UCR,89.54726718273515,7.337555711939949,3.1151771053248885,1.8761381302717302,0.1798381288393985,0.15809913178570414,-0.10893727541060999
SGO_6,2006,SGO,TP,UCR,34.623341852257525,65.37665814774249,0.0,-1.2886463387471487,-1.0168541367941657,0.22810091419837317,0.410389689666836
SGO_6,2007,SGO,TP,UCR,33.9965774735532,50.09334163036715,15.91008089607965,-1.1597654035664562,0.23298371209027408,0.9840111655596085,3.4326573944870775
SGO_6,2008,SGO,TP,UCR,32.339500462534694,39.824236817761324,27.836262719703974,-1.1308706947123166,1.1493286406148757,0.7402532710766204,1.982763312042072
SGO_7,2006,SGO,TP,UCR,26.44457208500861,68.95462377943711,4.60080413555428,-1.707510790701813,-0.7937407664584015,0.22810091419837317,0.410389689666836
SGO_7,2007,SGO,TP,UCR,31.515843562660585,55.894947188124455,12.589209249214957,-1.3356148545227688,-0.07305603669656066,0.9840111655596085,3.4326573944870775
SGO_7,2008,SGO,TP,UCR,24.33532284319045,69.91318502441672,5.751492132392838,-1.8159038201228936,-0.739040281798804,0.7402532710766204,1.982763312042072
SGO_8,2006,SGO,TP,UCR,26.580168776371305,68.48101265822784,4.938818565400844,-1.6962795494466707,-0.7646122984218818,0.22810091419837317,0.410389689666836
SGO_8,2007,SGO,TP,UCR,20.854316546762583,73.9748201438849,5.170863309352518,-2.0204487584532,-0.845248370822264,0.9840111655596085,3.4326573944870775
SGO_8,2008,SGO,TP,UCR,31.36585365853658,68.63414634146342,0.0,-1.4744350659778227,-1.0731890576330092,0.7402532710766204,1.982763312042072
SGO_9,2006,SGO,TP,UCR,29.77753464624362,70.22246535375638,0.0,-1.5650238111032853,-1.1006574076325055,0.22810091419837317,0.410389689666836
SGO_9,2007,SGO,TP,UCR,21.767640769779035,72.2024233784747,6.029935851746259,-1.9594687328338913,-0.7613824922367916,0.9840111655596085,3.4326573944870775
SGO_9,2008,SGO,TP,UCR,22.862648373670407,75.65901032834901,1.4783412979805766,-1.9441128718892324,-1.1031030208794956,0.7402532710766204,1.982763312042072
TIM1_1,2006,TIM1,PA,TIM,31.536523929471038,52.015113350125944,16.448362720403022,-1.29450314303059,0.23309178230867975,-0.5789448790882503,-0.4010996318353535
TIM1_1,2007,TIM1,PA,TIM,36.205798024848676,63.794201975151324,0.0,-1.1983919768830757,-0.9894871786005177,-2.024109523263286,-0.21033575634820412
TIM1_1,2008,TIM1,PA,TIM,70.40307101727447,29.59692898272553,0.0,0.752027317427643,-0.3980803791388606,-2.3019053075231604,0.24048907200762323
TIM1_2,2006,TIM1,PA,TIM,88.56829402084476,11.43170597915524,0.0,1.7880690345396362,-0.08393145853843133,-0.5789448790882503,-0.4010996318353535
TIM1_2,2007,TIM1,PA,TIM,82.3327793934358,17.66722060656419,0.0,1.432430500380821,-0.19176829539992757,-2.024109523263286,-0.21033575634820412
TIM1_2,2008,TIM1,PA,TIM,88.77591312931885,11.224086870681145,0.0,1.7999104557876153,-0.0803408987742963,-2.3019053075231604,0.24048907200762323
TIM1_3,2006,TIM1,PA,TIM,46.024363233665554,53.975636766334446,0.0,-0.638396475780812,-0.8196851529612779,-0.5789448790882503,-0.4010996318353535
TIM1_3,2007,TIM1,PA,TIM,71.41884994896223,28.581150051037767,0.0,0.8099616102455804,-0.3805135232353768,-2.024109523263286,-0.21033575634820412
TIM1_3,2008,TIM1,PA,TIM,85.4615956853264,13.47219639204017,1.0662079226334387,1.6219129932663665,-0.05317483484113605,-2.3019053075231604,0.24048907200762323
TIM1_4,2006,TIM1,PA,TIM,53.71527777777777,42.77777777777778,3.5069444444444438,-0.16346237986317402,-0.4087967008228433,-0.5789448790882503,-0.4010996318353535
TIM1_4,2007,TIM1,PA,TIM,94.0947816826411,5.905218317358893,0.0,2.1032686753918495,0.011643483388991337,-2.024109523263286,-0.21033575634820412
TIM1_4,2008,TIM1,PA,TIM,96.66666666666667,3.3333333333333335,0.0,2.2499544680485477,0.05612159915345399,-2.3019053075231604,0.24048907200762323
TIM1_5,2006,TIM1,PA,TIM,65.10506372717877,34.89493627282122,0.0,0.449858906446739,-0.489703987128129,-0.5789448790882503,-0.4010996318353535
TIM1_5,2007,TIM1,PA,TIM,40.44444444444445,42.94511378848728,16.61044176706827,-0.784768574270975,0.399987900434917,-2.024109523263286,-0.21033575634820412
TIM1_5,2008,TIM1,PA,TIM,62.36075770426914,15.462256149279053,22.176986146451796,0.5228134274379224,1.2200878654082514,-2.3019053075231604,0.24048907200762323
TIM1_6,2006,TIM1,TP,TIM,32.80685920577617,67.19314079422382,0.0,-1.3922482488252568,-1.048268343081056,-0.7856183162068171,1.9324014481879181
TIM1_6,2007,TIM1,TP,TIM,49.494131930392555,50.50586806960745,0.0,-0.44050046768710827,-0.7596790583157178,1.42513635846141,0.9811546571497571
TIM1_6,2008,TIM1,TP,TIM,43.49804941482445,56.50195058517554,0.0,-0.7824831465759605,-0.8633751621139809,0.08479706930397893,-0.27179904990721926
TIM1_7,2006,TIM1,TP,TIM,30.694842406876788,69.30515759312321,0.0,-1.5127057576855125,-1.084793509743409,-0.7856183162068171,1.9324014481879181
TIM1_7,2007,TIM1,TP,TIM,26.80412371134021,73.19587628865979,0.0,-1.7346103760505713,-1.1520795033325049,1.42513635846141,0.9811546571497571
TIM1_7,2008,TIM1,TP,TIM,23.945801072066697,70.87552114353782,5.178677784395473,-1.8440470832964562,-0.7911651128701875,0.08479706930397893,-0.27179904990721926
TIM2_1,2006,TIM2,PA,TIM,64.80914801095183,35.19085198904816,0.0,0.4329815454201262,-0.494821546258734,-1.1723264160857072,-0.6210371122113184
TIM2_1,2007,TIM2,PA,TIM,66.59080019166268,33.40919980833733,0.0,0.5345969224643382,-0.4640096971916622,0.36262517728401944,-0.991389369465164
TIM2_1,2008,TIM2,PA,TIM,48.898721730580135,51.10127826941986,0.0,-0.4744593024164373,-0.7699760676917541,0.1479626574385777,-0.9359868559857911
TIM2_2,2006,TIM2,PA,TIM,65.67272727272727,34.32727272727272,0.0,0.4822352287388658,-0.4798868277096499,-1.1723264160857072,-0.6210371122113184
TIM2_2,2007,TIM2,PA,TIM,60.68932038834951,33.53398058252427,5.776699029126213,0.25778368674785135,-0.10833780613146456,0.36262517728401944,-0.991389369465164
TIM2_2,2008,TIM2,PA,TIM,60.87983099291662,39.12016900708338,0.0,0.20887549675546302,-0.56277505828939,0.1479626574385777,-0.9359868559857911
TIM2_3,2006,TIM2,PA,TIM,75.74826560951436,24.25173439048563,0.0,1.0568870255938199,-0.3056407151049327,-1.1723264160857072,-0.6210371122113184
TIM2_3,2007,TIM2,PA,TIM,96.05697674418604,3.9430232558139537,0.0,2.2151811985946823,0.045577636604213705,0.36262517728401944,-0.991389369465164
TIM2_3,2008,TIM2,PA,TIM,95.65737051792829,4.342629482071714,0.0,2.1923899165532035,0.03866685633912064,0.1479626574385777,-0.9359868559857911
TIM2_4,2006,TIM2,PA,TIM,62.59060955518946,37.40939044481054,0.0,0.30644864292092316,-0.5331888958393757,-1.1723264160857072,-0.6210371122113184
TIM2_4,2007,TIM2,PA,TIM,55.222727272727276,18.495454545454546,26.281818181818185,0.15817484505401996,1.4219001027041323,0.36262517728401944,-0.991389369465164
TIM2_4,2008,TIM2,PA,TIM,40.3162434115956,26.717776712985142,32.96597987541926,-0.6228430761352568,1.6937448651615163,0.1479626574385777,-0.9359868559857911
TIM2_5,2006,TIM2,PA,TIM,53.37741046831955,28.0771349862259,18.545454545454547,-0.027122882793079478,0.7769761230695937,-1.1723264160857072,-0.6210371122113184
TIM2_5,2007,TIM2,PA,TIM,62.53456221198157,23.65591397849462,13.80952380952381,0.446144741351423,0.5600757551037465,0.36262517728401944,-0.991389369465164
TIM2_5,2008,TIM2,PA,TIM,66.12493899463153,33.87506100536847,0.0,0.508026831119292,-0.47206628929450584,0.1479626574385777,-0.9359868559857911
TIM2_6,2006,TIM2,PA,TIM,71.17634545841311,28.823654541586897,0.0,0.7961305238478794,-0.3847073899405526,-1.1723264160857072,-0.6210371122113184
TIM2_6,2007,TIM2,PA,TIM,65.74756358450202,27.525552650344665,6.726883765153317,0.5561092534412599,0.0544297136518608,0.36262517728401944,-0.991389369465164
TIM2_6,2008,TIM2,PA,TIM,61.59461883408073,32.780269058295964,5.625112107623318,0.3078482655536872,-0.10469298537490465,0.1479626574385777,-0.9359868559857911
TIM2_7,2006,TIM2,TP,TIM,13.742331288343557,86.25766871165645,0.0,-2.4795812386610727,-1.3779698207805633,0.31004541260756413,-0.5508998365199514
TIM2_7,2007,TIM2,TP,TIM,29.77638289525304,69.16437818752452,1.0592389172224403,-1.5541291274339395,-1.0167457450243356,0.6196629035255474,-0.26562978878517035
TIM2_7,2008,TIM2,TP,TIM,0.6767626613704175,81.87686196623633,17.446375372393245,-3.044242779786755,-0.2215160145043646,-1.7440549080550545,-0.23651859844339485
TIM2_8,2006,TIM2,TP,TIM,19.79857528862688,80.20142471137312,0.0,-2.134167288495445,-1.2732332857428215,0.31004541260756413,-0.5508998365199514
TIM2_8,2007,TIM2,TP,TIM,23.37662337662337,76.62337662337663,0.0,-1.9300956355204952,-1.2113546099633057,0.6196629035255474,-0.26562978878517035
TIM2_8,2008,TIM2,TP,TIM,26.159606449849694,72.0962011478546,1.744192402295709,-1.7533221367136356,-1.0250200975349082,-1.7440549080550545,-0.23651859844339485
TIM2_9,2006,TIM2,TP,TIM,68.00092017483323,31.999079825166778,0.0,0.6150222014939878,-0.43962311682636435,0.31004541260756413,-0.5508998365199514
TIM2_9,2007,TIM2,TP,TIM,55.08384631713014,44.0246232222458,0.8915304606240713,-0.11246970568830511,-0.5923679145597703,0.6196629035255474,-0.26562978878517035
TIM2_9,2008,TIM2,TP,TIM,52.08828828828829,41.13513513513514,6.776576576576576,-0.2224244658852832,-0.1778559173507669,-1.7440549080550545,-0.23651859844339485
TIM3_1,2006,TIM3,PA,TIM,64.43701226309922,35.56298773690078,0.0,0.411757024304795,-0.5012572527447902,-0.16011476231460833,0.1199977983465137
TIM3_1,2007,TIM3,PA,TIM,54.73023634881825,31.418092909535456,13.851670741646293,0.0014661867900017033,0.4284475582467556,0.09885761010688121,-0.28560906426607713
TIM3_1,2008,TIM3,PA,TIM,59.668079096045204,40.3319209039548,0.0,0.13976401292167645,-0.5837310658408998,-1.9991189229212813,0.24496339812148799
TIM3_2,2006,TIM3,PA,TIM,93.20945945945945,6.79054054054054,0.0,2.0527748963657264,-0.003667257400781732,-0.16011476231460833,0.1199977983465137
TIM3_2,2007,TIM3,PA,TIM,85.53183229813665,4.4060559006211175,10.062111801242237,1.719003144985642,0.66085393470311,0.09885761010688121,-0.28560906426607713
TIM3_2,2008,TIM3,PA,TIM,50.61087267525036,2.6437768240343344,46.745350500715304,0.10688514482603725,2.96362459635383,-1.9991189229212813,0.24496339812148799
TIM3_3,2006,TIM3,PA,TIM,56.60876132930513,43.39123867069487,0.0,-0.03472219248420499,-0.6366388321813522,-0.16011476231460833,0.1199977983465137
TIM3_3,2007,TIM3,PA,TIM,32.385171368617385,67.61482863138261,0.0,-1.4162989412285023,-1.055561002182886,0.09885761010688121,-0.28560906426607713
TIM3_3,2008,TIM3,PA,TIM,18.353598422609267,81.64640157739073,0.0,-2.2165806072398255,-1.2982226801842114,-1.9991189229212813,0.24496339812148799
TIM3_4,2006,TIM3,TP,TIM,51.45643456069996,43.21910317170981,5.3244622675902304,-0.2734874470464674,-0.3038452759272593,1.5291608458478547,-1.3243793626609799
TIM3_4,2007,TIM3,TP,TIM,72.86849710982659,27.131502890173408,0.0,0.8926412962286948,-0.35544336082958045,0.6909452247921629,-1.1898569209866785
TIM3_4,2008,TIM3,TP,TIM,61.274509803921575,38.725490196078425,0.0,0.23138574686254557,-0.5559494926226928,0.5143085874982367,-1.0436362264202714
TIM3_5,2006,TIM3,PA,TIM,67.34301836955218,15.716172409653018,16.94080922079481,0.7527925961575186,0.8913487113606672,-0.16011476231460833,0.1199977983465137
TIM3_5,2007,TIM3,PA,TIM,77.60746003552399,8.69538188277087,13.697158081705151,1.3046550030552444,0.811842486050191,0.09885761010688121,-0.28560906426607713
TIM3_5,2008,TIM3,PA,TIM,88.31861452001377,6.980158275031541,4.701227204954696,1.8224742234068882,0.28426469015093275,-1.9991189229212813,0.24496339812148799
TIM3_6,2006,TIM3,PA,TIM,76.40050167224081,23.599498327759193,0.0,1.0940868865730466,-0.29436096065094597,-0.16011476231460833,0.1199977983465137
TIM3_6,2007,TIM3,PA,TIM,84.64875058934464,15.351249410655349,0.0,1.5645204160465804,-0.15171594640352665,0.09885761010688121,-0.28560906426607713
TIM3_6,2008,TIM3,PA,TIM,80.17320607988688,19.826793920113115,0.0,1.3092606365394188,-0.22911590325894182,-1.9991189229212813,0.24496339812148799
