SITE_COL,SITE,HAB,REEF,RGR,AR_TOTAL_INICIAL,MEAN_AR_TOTAL,MEAN_HEALTH,MEAN_BLEACH,MEAN_DEAD_TISSUE,HEALTH_PC1,HEALTH_PC2,PC1_INTERACAO,PC2_INTERACAO
ARE_1,ARE,PA,UCR,-0.05741013733918732,36.23,34.989999999999995,91.07575375700316,6.708532241154221,2.2157140018426102,1.9540072629436092,0.13500041390855444,0.01790904037947801,-0.5936749879232281
ARE_2,ARE,PA,UCR,-0.06857347170729056,11.4,10.903,94.69023066395891,5.3097693360410885,2.7646198830409356,2.088545458863297,0.18278106053681775,0.01790904037947801,-0.5936749879232281
ARE_3,ARE,PA,UCR,-0.0866764434055971,13.32,12.656666666666666,66.08264494579551,33.391952328058274,0.5254027261462206,0.5110511717497463,-0.43116605494094756,0.01790904037947801,-0.5936749879232281
ARE_4,ARE,TP,UCR,0.2079325777266261,8.577,10.525666666666666,23.242305988287104,74.90128375530264,1.8564102564102563,-1.9185473137156699,-1.0665799433298753,0.5900981823955992,-1.07049446662553
ARE_5,ARE,TP,UCR,0.06263358250338746,7.351,8.242333333333333,52.89191714090264,44.58839286337088,2.5196899957264822,-0.22063774064622269,-0.5012635817709364,0.5900981823955992,-1.07049446662553
FAR_1,FAR,RR,ARC,0.24658684163051547,5.098,7.223333333333334,62.14927731424154,36.705294670194256,1.1454280155642025,0.2931297511473242,-0.45006028396807557,0.6648901874789745,1.3368201114784943
FAR_2,FAR,RR,ARC,-0.001831024803257142,19.15,20.23333333333333,46.8064436289303,31.819830176599055,26.63852370225881,-0.4653402113143079,1.1937386127980067,0.6648901874789745,1.3368201114784943
FAR_3,FAR,RR,ARC,0.07498222150925615,8.857,8.784666666666666,18.648843826157933,26.36466695595948,54.98648921788259,-1.6307740569549083,3.0638823512267894,0.6648901874789745,1.3368201114784943
FAR_4,FAR,RR,ARC,0.4630343451053682,2.585,4.371333333333333,53.52218362972451,41.63941183774321,4.83840453253228,-0.16069822392964161,-0.3066343250152187,0.6648901874789745,1.3368201114784943
FAR_5,FAR,RR,ARC,0.03465806496744661,10.31,10.786666666666667,78.62702171262107,16.639946613170782,4.733031674208145,1.2700496045942842,0.1191786328580328,0.6648901874789745,1.3368201114784943
FAR_6,FAR,RR,ARC,0.03654088133794975,17.41,18.310000000000002,51.8314736178368,38.01560147984946,10.152924902313744,-0.20213528384501792,0.08523657401815825,0.6648901874789745,1.3368201114784943
FAR_7,FAR,RR,ARC,0.28951343049884015,4.701,6.376,24.969982432671305,69.0696701487873,5.960347418541403,-1.7775453118705313,-0.7115152966415136,0.6648901874789745,1.3368201114784943
GUA_1,GUA,RR,ARC,0.1487935813853576,15.32,16.74,37.83041716199714,58.116994555830594,4.052588282172258,-1.063799109349307,-0.640273565982677,-1.3972277987547201,-0.6016928044909052
GUA_2,GUA,RR,ARC,-0.03342953273906457,8.226,9.27,22.18256819976233,29.37744899469166,48.439982805546,-1.496969725125206,2.6062648436221743,-1.3972277987547201,-0.6016928044909052
ITA1_1,ITA1,PA,ITA,0.2737464826224151,7.149,9.913,73.4166532132232,19.79894916808163,6.784397618695171,0.9941059274629502,0.1916160228092624,0.5456347371251344,-0.3941842155781578
ITA1_2,ITA1,TP,ITA,0.08853937681138224,20.08,23.113333333333333,9.63231828525254,48.22342927166312,42.14425244308433,-2.2779095581298265,1.8903623793478657,1.006142644799137,-0.33145371029604453
ITA1_3,ITA1,TP,ITA,0.1645660052388782,31.84,40.57333333333333,4.999365351653306,27.8120181443862,67.1886165039605,-2.2830028714541224,3.794696247638291,1.006142644799137,-0.33145371029604453
ITA1_4,ITA1,TP,ITA,0.14579579995554726,8.935,10.253,27.001933715342403,54.50885033924154,18.48921594541606,-1.5320130231387343,0.3163830623609255,1.006142644799137,-0.33145371029604453
ITA3_1,ITA3,PA,ITA,0.23728082744210188,12.86,16.076666666666668,74.08355787777803,6.690253538546789,19.226188583675178,1.1608826406041193,1.1890074795206387,0.18797271897443324,1.1474512282118698
ITA3_2,ITA3,PA,ITA,0.12638748618916718,38.77,43.78666666666667,83.79580853905304,6.1030487667528535,10.101142694194104,1.6203940238060826,0.6339238978772811,0.18797271897443324,1.1474512282118698
ITA3_3,ITA3,PA,ITA,0.04525700377041564,51.3,54.97333333333333,92.07594506798186,7.480856926320132,0.44319800569800566,1.9927115867591298,0.01184773195187005,0.18797271897443324,1.1474512282118698
ITA4_1,ITA4,PA,ITA,0.08557539312165297,44.41,47.88666666666666,51.958318637456046,22.61558762659853,25.426093735945415,-0.036863111653267576,1.2976399232528648,1.857785296231264,-0.12139212489460172
ITA4_2,ITA4,PA,ITA,0.12496337187819995,12.82,14.26,90.88233138189214,4.743428034875771,4.374240583232078,1.9653106898252457,0.302691901801272,1.857785296231264,-0.12139212489460172
ITA4_3,ITA4,PA,ITA,0.3817282134350455,9.363,13.621,28.982188666179738,63.950238869696044,7.067572464124223,-1.5372548256418266,-0.5543944125280935,1.857785296231264,-0.12139212489460172
ITA4_4,ITA4,PA,ITA,0.33841500794632895,5.499,7.427666666666667,27.02838204397764,56.24079597497562,16.730821981046734,-1.5486993726545926,0.17750948949933223,1.857785296231264,-0.12139212489460172
ITA5_1,ITA5,PA,ITA,0.04509804652857485,22.99,26.403333333333332,73.68659268408244,16.923147550784353,9.390259765133198,1.0364656586506293,0.40276668889103756,0.29474980834423053,-0.6999533375891104
ITA6_1,ITA6,PA,ITA,0.15229194162719195,18.48,19.926666666666666,48.721759174706584,38.68607887221834,12.592161953075072,-0.35425605972735835,0.22473661068411954,1.6918042631872103,-0.17109230465987355
ITA6_2,ITA6,PA,ITA,0.12248768743778993,4.73,5.040333333333333,63.44955624602983,19.588669800635742,16.961773953334436,0.5309484387138735,0.8256764687066034,1.6918042631872103,-0.17109230465987355
ITA6_3,ITA6,TP,ITA,-0.07546343523179111,33.55,30.336666666666662,23.808261890784035,56.26346254044925,19.92827556876672,-1.6992714937822067,0.3751794536246664,1.38284779112625,0.7721821270717144
ITA7_1,ITA7,PA,ITA,0.04950327087413431,40.26,40.77,72.60467590027639,2.8158635535684713,24.579460546155133,1.1319280336838187,1.5876123117274765,-0.44181386592375554,0.8559498846330719
ITA7_2,ITA7,TP,ITA,0.2540973271034421,12.94,18.706666666666667,38.61360356050819,44.40260913138416,16.983787308107647,-0.8853262399577879,0.39790839882893164,1.2107743666396533,0.03320525083512926
MVE_1,MVE,RR,ARC,0.19615062487096102,11.47,14.646666666666667,42.69308919418119,48.36150368562671,8.945407120192101,-0.7358317892056903,-0.1684832685566703,0.10877114262558973,0.48872775404670027
MVE_2,MVE,RR,ARC,-0.0935910388604384,4.991,4.794999999999999,32.299969447037086,47.76559549504419,19.934435057918733,-1.214888723941289,0.5225228989195639,0.10877114262558973,0.48872775404670027
PA2_1,PA2,PA,UCR,0.23784625377251323,17.09,22.320000000000004,71.12635493552956,28.103463246288612,0.7701818181818182,0.8012487292341145,-0.3245445431961038,-0.04500649984440528,-0.7020858943660775
PA2_10,PA2,TP,UCR,0.2919911736671543,7.813,10.967666666666666,32.79475756033217,67.20524243966783,0.0,-1.3929384583274036,-1.0484776286402244,-0.8257334998367605,-0.7350167885260852
PA2_2,PA2,PA,UCR,0.1483339008773994,7.589,9.005666666666668,57.29206845409211,42.70793154590789,0.0,0.004249786375620439,-0.6248217355429998,-0.04500649984440528,-0.7020858943660775
PA2_3,PA2,PA,UCR,0.08748538685980423,25.26,28.590000000000003,69.97063443580461,29.252300528751643,0.7770650354437455,0.7354041832402739,-0.3439861353214087,-0.04500649984440528,-0.7020858943660775
PA2_4,PA2,PA,UCR,0.3562087358125646,6.116,9.288333333333334,45.39139152471785,54.60860847528215,0.0,-0.6744976068317551,-0.8306317501540262,-0.04500649984440528,-0.7020858943660775
PA2_5,PA2,PA,UCR,-0.010806224871415138,16.37,15.603333333333333,87.14911474625728,12.850885253742732,0.0,1.7071270646973506,-0.10847471006705474,-0.04500649984440528,-0.7020858943660775
PA2_6,PA2,PA,UCR,0.07947129799913077,24.09,25.7,64.79540394048003,35.20459605951997,0.0,0.432197661271337,-0.4950592358760058,-0.04500649984440528,-0.7020858943660775
PA2_7,PA2,PA,UCR,0.08115224077709571,25.65,28.27,70.6737694959972,29.326230504002794,0.0,0.7674664296620696,-0.39339892629447704,-0.04500649984440528,-0.7020858943660775
PA2_8,PA2,TP,UCR,0.07202329098904947,8.455,8.769,37.533640908660736,61.442293551144694,1.0240655401945722,-1.1120628989761654,-0.8853789704298736,-0.8257334998367605,-0.7350167885260852
PA2_9,PA2,TP,UCR,0.17734771185325648,5.259,6.689,42.78066141285401,56.62362417441371,0.5957144127322842,-0.8172348084557911,-0.8285786546329,-0.8257334998367605,-0.7350167885260852
PAB1_1,PAB1,TP,PAB,0.1626556230483578,2.999,3.6086666666666667,64.81285573033016,35.18714426966985,0.0,0.43319301279107575,-0.4947574250508439,-1.6603473837609901,0.4927784430015447
PAB1_2,PAB1,TP,PAB,-0.1720941421643447,38.77,36.086666666666666,65.39531633374177,33.052039318854064,3.047792333818535,0.4561499328085327,-0.27467187415451544,-1.6603473837609901,0.4927784430015447
PAB1_3,PAB1,TP,PAB,0.15561952838541093,3.073,4.223333333333334,53.58850020343032,22.286857545292666,24.124642251277024,0.04264659274423078,1.2227083125669798,-1.6603473837609901,0.4927784430015447
PAB1_4,PAB1,TP,PAB,-0.0037202552582915605,13.49,14.910000000000002,44.419190719975745,50.5210999239573,5.05970935606696,-0.677591592452332,-0.4465255912524062,-1.6603473837609901,0.4927784430015447
PAB1_5,PAB1,PA,PAB,-0.1433099687303988,7.528,7.067666666666667,87.38090237199266,12.488170522557946,0.5619220860573151,1.7141119637454494,-0.06901742579817073,-0.9061807158740182,-0.27627021774644595
PAB1_6,PAB1,PA,PAB,-0.577740842582503,48.84,30.21666666666667,84.19538307965279,15.697334735691816,0.10728218465539663,1.5397729861688187,-0.15105568697583813,-0.9061807158740182,-0.27627021774644595
PAB1_7,PAB1,PA,PAB,0.13200217118302993,4.124,5.589666666666667,79.76331167805218,14.526973452019748,5.709714869928068,1.3449633017269786,0.21621966490132782,-0.9061807158740182,-0.27627021774644595
PAB2_1,PAB2,PA,PAB,-0.10916144914051995,17.59,16.046666666666667,76.34000294567728,23.659997054322726,0.0,1.0906363809260942,-0.29540722414266857,-0.6127272872515055,-0.7420232667314676
PAB2_2,PAB2,TP,PAB,-0.06401423721364607,18.64,18.18,40.8433426963025,57.62212277702176,1.534534526675739,-0.9180141744196822,-0.7876927165159971,-0.11930542854856918,-0.4784653155437753
PAB2_3,PAB2,TP,PAB,-0.35631472287042765,11.61,9.241,51.36328496033423,46.23200750409578,2.4047075355699987,-0.3090120559920642,-0.5368106467544068,-0.11930542854856918,-0.4784653155437753
PAB2_4,PAB2,TP,PAB,0.02874083614394518,10.31,10.613333333333335,56.2619390214338,42.08797612431064,1.650084854255562,-0.037428883291314614,-0.5118879561978346,-0.11930542854856918,-0.4784653155437753
PAB2_5,PAB2,TP,PAB,-0.1326976268966933,15.53,15.046666666666667,55.806058434794004,41.42583891221491,2.7681026529910864,-0.0518611551175161,-0.4311828636675423,-0.11930542854856918,-0.4784653155437753
PAB2_6,PAB2,TP,PAB,-0.08331279232235345,3.818,3.648666666666667,54.01531238717698,38.157354764035055,7.827332848787958,-0.1016452960502535,-0.0612705736218836,-0.11930542854856918,-0.4784653155437753
PAB3_1,PAB3,TP,PAB,-0.04632794910972604,6.622,6.425333333333334,71.54383216947362,23.726478914790945,4.729688915735427,0.8660298923093337,-0.003582745440337824,-0.2561668980937665,-0.059811582661781326
PAB3_2,PAB3,TP,PAB,0.030352325313424577,29.4,29.793333333333333,62.1234172394821,35.577927190735565,3.0037576105986568,0.29117107979906265,-0.31810710358770566,-0.2561668980937665,-0.059811582661781326
PAB3_4,PAB3,TP,PAB,0.23188005630302522,12.05,13.979999999999999,32.88743979749888,63.96179948327566,3.150760719225449,-1.3550501928559902,-0.7972159735354154,-0.2561668980937665,-0.059811582661781326
PAB5_1,PAB5,PA,PAB,0.16329289258188373,7.827,9.134,86.87757954206855,13.122420457931446,0.0,1.6916402303684386,-0.11317063322110217,-2.16306542715918,0.11579024261607622
PLE_1,PLE,PA,UCR,0.15797070488309184,14.13,17.156666666666666,93.83819309984487,6.161806900155138,0.0,2.088634311923848,0.007206046738310423,-0.8793419744164278,-0.3879673533979522
PLE_2,PLE,PA,UCR,-0.0017684526806318601,8.497,7.9577333333333335,63.92592246586952,33.977214384867885,2.096863149262596,0.4043044392703028,-0.3439455616438976,-0.8793419744164278,-0.3879673533979522
PLE_3,PLE,PA,UCR,0.1324169891842093,11.51,12.953333333333333,73.03160338190929,26.968396618090704,0.0,0.9019439567117006,-0.3526226049650436,-0.8793419744164278,-0.3879673533979522
PLE_4,PLE,PA,UCR,0.12463025924331328,4.603,5.364999999999999,93.20883987698365,2.5496301212425254,4.241530001773822,2.0966283835129818,0.3324108106958308,-0.8793419744164278,-0.3879673533979522
PLE_5,PLE,PA,UCR,0.038690459688804246,7.408,7.596,59.24123903329464,40.75876096670535,0.0,0.11541946667210028,-0.5911128274056079,-0.8793419744164278,-0.3879673533979522
PLE_6,PLE,TP,UCR,0.17363185412698867,5.135,6.388333333333333,21.936177312877735,77.59366076794424,0.4701619191780193,-2.007385587557635,-1.1990111328261457,-0.15257529408503695,0.14003870919107186
PLE_7,PLE,TP,UCR,0.03273269558203551,16.85,17.616666666666664,39.8920705875137,42.10748119777005,18.000448214716254,-0.8018899007678365,0.500575976531049,-0.15257529408503695,0.14003870919107186
PNO_1,PNO,RR,ARC,0.43129920468396066,3.141,5.397333333333333,37.55986402259452,45.422223668004996,17.017912309400486,-0.9450724861652718,0.38238903734537133,-0.46773779991825687,-0.6971380051258093
PNO_2,PNO,RR,ARC,-0.025386162686711566,4.04,3.8533333333333335,29.884846059334194,35.958095673697805,34.157058266967994,-1.2054664918785991,1.60772276387329,-0.46773779991825687,-0.6971380051258093
SGO_1,SGO,PA,UCR,0.0661217174250035,25.25,28.923333333333336,54.71848252210893,41.324922337461004,3.9565951404300743,-0.10159253024545079,-0.35581804731704453,0.6627252491340605,-0.11088282789057079
SGO_2,SGO,PA,UCR,0.06139980040358939,33.14,36.913333333333334,96.4901278302758,2.945660798412137,0.564211371312073,2.2457238129859065,0.09777531249746818,0.6627252491340605,-0.11088282789057079
SGO_3,SGO,PA,UCR,0.030806382094664464,19.04,20.203333333333333,73.66824476905857,26.134718193904387,0.19703703703703704,0.9402932073107602,-0.32599979669294094,0.6627252491340605,-0.11088282789057079
SGO_4,SGO,PA,UCR,-0.006139906823079855,50.8,52.57333333333333,86.41025063078736,10.666009062554826,2.9237403066578183,1.695239551123341,0.11041764347424454,0.6627252491340605,-0.11088282789057079
SGO_5,SGO,PA,UCR,0.040158208908102955,39.34,41.86333333333334,93.76503718120715,4.751591083088491,1.4833717357043532,2.0998109582083084,0.12347975020352286,0.6627252491340605,-0.11088282789057079
SGO_6,SGO,TP,UCR,0.13713322635103298,8.217,8.485,33.65313992944848,51.76474553195698,14.58211453859454,-1.193094145675307,0.12181940530366135,0.6507884502782008,1.941936798731995
SGO_7,SGO,TP,UCR,0.028467508950817066,34.82,35.57,27.43191283028655,64.92091866399277,7.647168505720692,-1.6196764884491586,-0.5352790283179221,0.6507884502782008,1.941936798731995
SGO_8,SGO,TP,UCR,0.2072828129693498,9.48,11.65,26.26677966055682,70.36332638119205,3.3698939582511205,-1.7303877912925645,-0.8943499089590516,0.6507884502782008,1.941936798731995
SGO_9,SGO,TP,UCR,0.08398270626542514,5.484,5.3933333333333335,24.80260792989769,72.69463302019336,2.502759049908945,-1.8228684719421364,-0.988380973582931,0.6507884502782008,1.941936798731995
SIR_1,SIR,RR,ARC,0.16002778776760151,23.25,26.036666666666672,19.73024874243252,45.6861510000625,34.583600257504976,-1.7802137640971054,1.4659075834549233,0.7152330576121523,2.451775720903839
SIR_2,SIR,RR,ARC,0.5727370403922565,4.787,10.469,21.853715139221965,76.59844176135385,1.547843099424174,-2.000937561583012,-1.1150443294649526,0.7152330576121523,2.451775720903839
TIM1_1,TIM1,PA,TIM,0.4824804708130609,3.97,6.889333333333333,46.04846432386473,48.4687481026676,5.482787573467674,-0.5802892674953409,-0.38482525847689947,-1.6349865699582322,-0.12364877205864482
TIM1_2,TIM1,PA,TIM,0.05278995506498285,9.115,9.624333333333334,86.55899551453314,13.441004485466857,0.0,1.673469996902691,-0.11868021757088505,-1.6349865699582322,-0.12364877205864482
TIM1_3,TIM1,PA,TIM,0.08736270547929603,45.15,52.56666666666667,67.63493628931806,32.00966106980413,0.35540264087781287,0.597826042577045,-0.4177911703459302,-1.6349865699582322,-0.12364877205864482
TIM1_4,TIM1,PA,TIM,0.05268025782891317,17.28,18.42,81.49224204236185,17.33877647615667,1.1689814814814812,1.3965869211924078,-0.11367720609346599,-1.6349865699582322,-0.12364877205864482
TIM1_5,TIM1,PA,TIM,0.09876711259042548,29.03,33.916666666666664,55.97008862529745,31.100768736862516,12.929142637840021,0.06263458653789544,0.3767905929050131,-1.6349865699582322,-0.12364877205864482
TIM1_6,TIM1,TP,TIM,0.16396314137918022,22.16,25.87666666666667,41.933013516997725,58.06698648300227,0.0,-0.8717439543627753,-0.8904408545035848,0.24143837051952396,0.8805856851434853
TIM1_7,TIM1,TP,TIM,0.09229368687761141,27.92,32.14,27.148255730094565,71.12551834177361,1.7262259281318244,-1.6971210723441799,-1.0093460419820337,0.24143837051952396,0.8805856851434853
TIM2_1,TIM2,PA,TIM,0.24672117883885647,6.209,8.242333333333333,60.099556644398206,39.90044335560179,0.0,0.16437305515600906,-0.57626910371405,-0.22057952712103668,-0.8494711125540911
TIM2_2,TIM2,PA,TIM,0.1902756294627852,5.5,6.232333333333334,62.41395955133114,35.6604741056268,1.925566343042071,0.31629813741406004,-0.3836665640435015,-0.22057952712103668,-0.8494711125540911
TIM2_3,TIM2,PA,TIM,-0.002483860050967346,20.18,19.153333333333332,89.1542042905429,10.8457957094571,0.0,1.821486046913902,-0.07379874072053277,-0.22057952712103668,-0.8494711125540911
TIM2_4,TIM2,PA,TIM,-0.07567012255109407,24.28,22.383333333333336,52.70986007983745,27.540873901083412,19.749266019079148,-0.05273986272010456,0.8608186906754244,-0.22057952712103668,-0.8494711125540911
TIM2_5,TIM2,PA,TIM,0.06063320076997436,18.15,19.39,60.67897055831088,28.536036656696336,10.784992784992786,0.3090162298925452,0.28832852962627814,-0.22057952712103668,-0.8494711125540911
TIM2_6,TIM2,PA,TIM,0.4318321229320673,4.701,6.686,66.17284262566528,29.709825416742508,4.117331957592211,0.5533626809476089,-0.14499022055453215,-0.22057952712103668,-0.8494711125540911
TIM2_7,TIM2,TP,TIM,-0.09696116431523238,24.45,23.36,14.731825614989006,79.09963628847244,6.168538096538562,-2.359317715293922,-0.8720771934364211,-0.271448863973981,-0.35101607458283884
TIM2_8,TIM2,TP,TIM,-0.05334939174188613,40.71,40.910000000000004,23.111601705033312,76.30700082753478,0.581397467431903,-1.9391950202431918,-1.169869331080345,-0.271448863973981,-0.35101607458283884
TIM2_9,TIM2,TP,TIM,0.12215598787584392,4.347,4.8693333333333335,58.39101826008388,39.052946060849244,2.5560356790668823,0.0933760099734665,-0.4032823162456339,-0.271448863973981,-0.35101607458283884
TIM3_1,TIM3,PA,TIM,0.2809479639263477,8.073,11.501,59.61177590265422,35.77100051679702,4.617223580548765,0.18432907467215773,-0.21884692011297813,-0.6867920250430029,0.026450710733974852
TIM3_2,TIM3,PA,TIM,0.02418053584671065,26.64,26.786666666666672,76.45072147761549,4.613457755065331,18.935820767319182,1.2928877287258018,1.2069370912187194,-0.6867920250430029,0.026450710733974852
TIM3_3,TIM3,PA,TIM,0.4160932067000088,2.648,4.341,35.7825103735106,64.2174896264894,0.0,-1.2225339136508442,-0.9968075048494832,-0.6867920250430029,0.026450710733974852
TIM3_4,TIM3,TP,TIM,0.35774925378956945,5.486,8.336666666666666,61.86648049148271,36.35869875265388,1.7748207558634101,0.28351319868159097,-0.40507937645984415,0.9114715527127514,-1.1859575033559766
TIM3_5,TIM3,PA,TIM,0.022880575746237142,8.329,9.436,77.75636430836332,10.46390418915181,11.779731502484886,1.2933072742065503,0.6624852958539303,-0.6867920250430029,0.026450710733974852
TIM3_6,TIM3,PA,TIM,0.08389672811552229,23.92,24.473333333333333,80.4074861138241,19.592513886175883,0.0,1.3226226463863486,-0.22506427010447147,-0.6867920250430029,0.026450710733974852
