SITE_COL;YEAR;SITE;HAB;REEF;HEALTH_PC1;HEALTH_PC2;HEALTH %;BLEACHING %;DEAD %
TIM2_7;2008;TIM2;TP;TIM;-3,04424278;-0,221516015;0,676762661;81,87686197;17,44637537
PNO_1;2006;PNO;RR;ARC;-2,762776062;1,029218925;2,833492518;64,40624005;32,76026743
ARE_4;2008;ARE;TP;UCR;-2,654699531;-1,007250307;9,661538462;84,76923077;5,569230769
TIM2_7;2006;TIM2;TP;TIM;-2,479581239;-1,377969821;13,74233129;86,25766871;0
ITA1_3;2006;ITA1;TP;ITA;-2,451476352;3,205161607;3,329145729;36,55778894;60,11306533
ITA1_3;2007;ITA1;TP;ITA;-2,392823243;3,95683082;2,607933377;27,63532764;69,75673899
ITA4_3;2006;ITA4;PA;ITA;-2,36709381;-0,883505808;14,6171099;79,33354694;6,049343159
PLE_6;2006;PLE;TP;UCR;-2,355925779;-1,34047497;15,9104187;84,0895813;0
ITA1_2;2006;ITA1;TP;ITA;-2,333987406;1,415330704;9,741035857;54,13346614;36,12549801
PLE_6;2007;PLE;TP;UCR;-2,2834177;-1,318489046;17,18172409;82,81827591;0
ITA1_2;2007;ITA1;TP;ITA;-2,277731614;1,377581362;10,85804666;53,7366548;35,40529854
SIR_2;2006;SIR;RR;ARC;-2,272292923;-1,091441625;16,84353457;80,21725507;2,939210361
ITA4_4;2006;ITA4;PA;ITA;-2,252330607;0,461347091;13,50609202;63,22967812;23,26422986
FAR_3;2008;FAR;RR;ARC;-2,248335132;6,157204779;0;1,904761905;98,0952381
ITA4_3;2007;ITA4;PA;ITA;-2,245804273;-0,153910804;15,09202454;69,75460123;15,15337423
ITA1_2;2008;ITA1;TP;ITA;-2,222009655;2,878175072;8,29787234;36,80016688;54,90196078
TIM3_3;2008;TIM3;PA;TIM;-2,216580607;-1,29822268;18,35359842;81,64640158;0
FAR_7;2008;FAR;RR;ARC;-2,166126835;-0,240766595;16,75369576;69,55174058;13,69456366
PNO_2;2006;PNO;RR;ARC;-2,142512831;3,955552004;7,180693069;24,07673267;68,74257426
TIM2_8;2006;TIM2;TP;TIM;-2,134167288;-1,273233286;19,79857529;80,20142471;0
ITA4_4;2007;ITA4;PA;ITA;-2,120224263;0,780235611;15,15761234;57,91415158;26,92823608
SIR_2;2008;SIR;RR;ARC;-2,115086478;-1,137748778;19,82392027;78,4717608;1,704318937
GUA_2;2008;GUA;RR;ARC;-2,081902319;6,113462743;3,142708604;0;96,8572914
GUA_1;2006;GUA;RR;ARC;-2,035041198;-0,733077162;20,32049608;72,97650131;6,703002611
SIR_1;2006;SIR;RR;ARC;-2,025849766;0,121229537;18,4516129;63,65591398;17,89247312
SGO_8;2007;SGO;TP;UCR;-2,020448758;-0,845248371;20,85431655;73,97482014;5,170863309
ITA1_3;2008;ITA1;TP;ITA;-2,00470902;4,222096316;9,061016949;19,24293785;71,6960452
SGO_9;2007;SGO;TP;UCR;-1,959468733;-0,761382492;21,76764077;72,20242338;6,029935852
SGO_9;2008;SGO;TP;UCR;-1,944112872;-1,103103021;22,86264837;75,65901033;1,478341298
TIM2_8;2007;TIM2;TP;TIM;-1,930095636;-1,21135461;23,37662338;76,62337662;0
PAB3_4;2006;PAB3;TP;PAB;-1,890451368;-0,480014174;22,35684647;68,19087137;9,452282158
TIM1_7;2008;TIM1;TP;TIM;-1,844047083;-0,791165113;23,94580107;70,87552114;5,178677784
ITA6_3;2007;ITA6;TP;ITA;-1,8211609;0,50992285;21,26179657;56,55365257;22,18455086
SGO_7;2008;SGO;TP;UCR;-1,81590382;-0,739040282;24,33532284;69,91318502;5,751492132
ITA1_4;2006;ITA1;TP;ITA;-1,80475022;-0,140225847;23,11135982;63,31281477;13,57582541
FAR_7;2007;FAR;RR;ARC;-1,804012847;-1,076470712;25,35684716;73,37307501;1,270077827
SIR_1;2008;SIR;RR;ARC;-1,78078606;2,459249244;17,35165522;35,00936914;47,63897564
PA2_8;2007;PA2;TP;UCR;-1,763984079;-1,160986207;26,28910597;73,71089403;0
TIM2_8;2008;TIM2;TP;TIM;-1,753322137;-1,025020098;26,15960645;72,09620115;1,744192402
TIM1_7;2007;TIM1;TP;TIM;-1,734610376;-1,152079503;26,80412371;73,19587629;0
PA2_10;2006;PA2;TP;UCR;-1,728190953;-1,150133004;26,91667733;73,08332267;0
ITA1_4;2007;ITA1;TP;ITA;-1,713012844;-0,153390476;24,81751825;62,14517437;13,03730738
PA2_10;2007;PA2;TP;UCR;-1,708819786;-1,144259272;27,25631769;72,74368231;0
SGO_7;2006;SGO;TP;UCR;-1,707510791;-0,793740766;26,44457209;68,95462378;4,600804136
SGO_8;2006;SGO;TP;UCR;-1,696279549;-0,764612298;26,58016878;68,48101266;4,938818565
ITA6_3;2008;ITA6;TP;ITA;-1,664469416;1,019246904;22,90814558;48,83882149;28,25303293
SIR_2;2007;SIR;RR;ARC;-1,615433284;-1,115942585;28,89369058;71,10630942;0
ITA6_3;2006;ITA6;TP;ITA;-1,612184165;-0,403631394;27,25484352;63,39791356;9,347242921
SGO_9;2006;SGO;TP;UCR;-1,565023811;-1,100657408;29,77753465;70,22246535;0
ARE_4;2007;ARE;TP;UCR;-1,559179766;-1,098885374;29,88;70,12;0
TIM2_7;2007;TIM2;TP;TIM;-1,554129127;-1,016745745;29,7763829;69,16437819;1,059238917
ARE_4;2006;ARE;TP;UCR;-1,541762644;-1,093604149;30,1853795;69,8146205;0
SIR_1;2007;SIR;RR;ARC;-1,534005466;1,817243969;23,38747811;38,39316988;38,21935201
TIM1_7;2006;TIM1;TP;TIM;-1,512705758;-1,08479351;30,69484241;69,30515759;0
SGO_8;2008;SGO;TP;UCR;-1,474435066;-1,073189058;31,36585366;68,63414634;0
PLE_7;2006;PLE;TP;UCR;-1,474073289;-0,673745851;30,42017804;64,33234421;5,247477745
ITA7_2;2007;ITA7;TP;ITA;-1,473696049;1,059733798;26,29441624;45,68066451;28,02491924
PA2_8;2008;PA2;TP;UCR;-1,471192542;-0,838411431;30,86533538;66,062468;3,072196621
PAB3_4;2007;PAB3;TP;PAB;-1,438585865;-1,062318851;31,9944082;68,0055918;0
TIM3_3;2007;TIM3;PA;TIM;-1,416298941;-1,055561002;32,38517137;67,61482863;0
FAR_3;2007;FAR;RR;ARC;-1,409469656;2,473701784;24,09601776;29,55459969;46,34938254
TIM1_6;2006;TIM1;TP;TIM;-1,392248249;-1,048268343;32,80685921;67,19314079;0
PLE_6;2008;PLE;TP;UCR;-1,382813283;-0,938069382;32,71638916;65,87312509;1,410485758
FAR_7;2006;FAR;RR;ARC;-1,362496253;-0,817308583;32,79940438;64,28419485;2,916400766
SGO_7;2007;SGO;TP;UCR;-1,335614855;-0,073056037;31,51584356;55,89494719;12,58920925
MVE_2;2007;MVE;RR;ARC;-1,306641733;-0,233070992;32,4262607;57,20266413;10,37107517
TIM1_1;2006;TIM1;PA;TIM;-1,294503143;0,233091782;31,53652393;52,01511335;16,44836272
SGO_6;2006;SGO;TP;UCR;-1,288646339;-1,016854137;34,62334185;65,37665815;0
PAB3_2;2006;PAB3;TP;PAB;-1,277254681;-0,879040835;35,47619048;64,52380952;2,115306122
MVE_1;2007;MVE;RR;ARC;-1,275458085;0,606421015;30,9941898;47,72756617;21,27824403
ITA6_1;2006;ITA6;PA;ITA;-1,241108504;-0,399980683;34,02056277;58,06277056;7,916666667
GUA_2;2006;GUA;RR;ARC;-1,237597347;-0,484604947;34,28640895;58,9229273;6,790663749
FAR_3;2006;FAR;RR;ARC;-1,234517383;0,56074049;31,85051372;47,63463927;20,51484701
SGO_1;2006;SGO;PA;UCR;-1,213458442;-0,944447423;35,82336634;63,52475248;0,651881188
ARE_5;2007;ARE;TP;UCR;-1,206244841;-0,991868327;36,06811146;63,93188854;0
TIM1_1;2007;TIM1;PA;TIM;-1,198391977;-0,989487179;36,20579802;63,79420198;0
GUA_2;2007;GUA;RR;ARC;-1,171409509;2,189936736;29,11858705;29,20941968;41,67199327
MVE_2;2006;MVE;RR;ARC;-1,169859236;-0,980835471;36,70607093;63,29392907;0
MVE_2;2008;MVE;RR;ARC;-1,168165203;2,78147516;27,76757671;22,80019328;49,43223001
SGO_6;2007;SGO;TP;UCR;-1,159765404;0,232983712;33,99657747;50,09334163;15,9100809
SGO_6;2008;SGO;TP;UCR;-1,130870695;1,149328641;32,33950046;39,82423682;27,83626272
PAB1_3;2007;PAB1;TP;PAB;-1,120598754;2,313364188;29,75194372;27,15660866;43,09144761
PA2_4;2007;PA2;PA;UCR;-1,10344905;-0,960698552;37,87046018;62,12953982;0
ITA1_4;2008;ITA1;TP;ITA;-1,078276006;1,24276551;33,07692308;38,06856187;28,85451505
PAB2_2;2008;PAB2;TP;PAB;-1,058683083;-0,675298805;38,00731707;58,42073171;3,57195122
PLE_7;2007;PLE;TP;UCR;-1,044960506;1,027779296;34,19766796;39,905608;25,89672404
PA2_9;2008;PA2;TP;UCR;-1,003966992;-0,794531814;39,29047746;58,9223793;1,787143238
PAB1_4;2007;PAB1;TP;PAB;-0,994772934;-0,927745743;39,77591036;60,22408964;0
PA2_9;2007;PA2;TP;UCR;-0,953123851;-0,915116894;40,50615595;59,49384405;0
PAB1_1;2007;PAB1;TP;PAB;-0,905946325;-0,900811709;41,33333333;58,66666667;0
PAB2_2;2006;PAB2;TP;PAB;-0,903481818;-0,821555587;41,18937768;57,77896996;1,031652361
GUA_1;2007;GUA;RR;ARC;-0,880709239;-0,709708508;41,33847232;56,25087596;2,410651717
FAR_2;2006;FAR;RR;ARC;-0,806817791;0,076304697;40,81357702;46,74151436;12,44490862
PNO_2;2007;PNO;RR;ARC;-0,796520049;1,048105517;38,68478261;36,14130435;25,17391304
ITA7_2;2006;ITA7;TP;ITA;-0,794564198;-0,774530318;43,06568779;55,7187017;1,21561051
PAB2_2;2007;PAB2;TP;PAB;-0,791877621;-0,866223758;43,33333333;56,66666667;0
TIM1_5;2007;TIM1;PA;TIM;-0,784768574;0,3999879;40,44444444;42,94511379;16,61044177
PA2_4;2006;PA2;PA;UCR;-0,78373341;-0,863754267;43,47612819;56,52387181;0
TIM1_6;2008;TIM1;TP;TIM;-0,782483147;-0,863375162;43,49804941;56,50195059;0
PAB2_5;2007;PAB2;TP;PAB;-0,742576741;-0,851274728;44,19774011;55,80225989;0
PA2_10;2008;PA2;TP;UCR;-0,741804636;-0,85104061;44,21127766;55,78872234;0
PAB3_4;2008;PAB3;TP;PAB;-0,736113346;-0,849314895;44,31106472;55,68893528;0
PAB1_4;2008;PAB1;TP;PAB;-0,715979495;0,242310372;42,07617625;43,65944735;14,2643764
PNO_2;2008;PNO;RR;ARC;-0,677366596;-0,18048923;43,7890625;47,65625;8,5546875
TIM1_3;2006;TIM1;PA;TIM;-0,638396476;-0,819685153;46,02436323;53,97563677;0
ARE_5;2006;ARE;TP;UCR;-0,628529066;-0,567512216;45,60331928;51,12229629;3,274384437
TIM2_4;2008;TIM2;PA;TIM;-0,622843076;1,693744865;40,31624341;26,71777671;32,96597988
PAB2_6;2007;PAB2;TP;PAB;-0,604230498;0,48531371;43,53696099;39,45071869;17,01232033
ITA4_1;2008;ITA4;PA;ITA;-0,566185401;1,440448544;41,9544592;28,63377609;29,41176471
PA2_2;2007;PA2;PA;UCR;-0,55766843;-0,795206768;47,43979171;52,56020829;0
PA2_9;2006;PA2;TP;UCR;-0,494613583;-0,776087255;48,54535083;51,45464917;0
FAR_4;2007;FAR;RR;ARC;-0,484599197;-0,680848487;48,50112416;50,28728454;1,211591307
MVE_1;2006;MVE;RR;ARC;-0,475715122;-0,347394304;47,86835222;46,57367044;5,557977332
TIM2_1;2008;TIM2;PA;TIM;-0,474459302;-0,769976068;48,89872173;51,10127827;0
MVE_1;2008;MVE;RR;ARC;-0,45632216;-0,764476517;49,21672556;50,78327444;0
PAB2_3;2008;PAB2;TP;PAB;-0,453414162;-0,214599401;47,95889689;44,8269805;7,214122607
TIM1_6;2007;TIM1;TP;TIM;-0,440500468;-0,759679058;49,49413193;50,50586807;0
ITA6_2;2006;ITA6;PA;ITA;-0,402002208;-0,748005603;50,16913319;49,83086681;0
ITA7_2;2008;ITA7;TP;ITA;-0,387718473;0,908521716;46,48070665;31,80846118;21,71083217
FAR_6;2006;FAR;RR;ARC;-0,380149164;0,136940692;48,45835727;40;11,54164273
FAR_2;2008;FAR;RR;ARC;-0,367147927;2,889681289;42,13312369;10,20440252;47,66247379
PAB2_4;2006;PAB2;TP;PAB;-0,34212122;-0,545613925;50,77982541;46,79922405;2,420950533
PAB1_4;2006;PAB1;TP;PAB;-0,322022348;-0,654141402;51,40548554;47,67976279;0,914751668
GUA_1;2008;GUA;RR;ARC;-0,275646891;-0,478035028;51,83228308;45,1236064;3,044110519
ITA4_4;2008;ITA4;PA;ITA;-0,273543249;-0,709054234;52,42144177;47,57855823;0
TIM3_4;2006;TIM3;TP;TIM;-0,273487447;-0,303845276;51,45643456;43,21910317;5,324462268
PA2_6;2006;PA2;PA;UCR;-0,251838783;-0,702472998;52,80199253;47,19800747;0
PAB2_3;2007;PAB2;TP;PAB;-0,249631642;-0,701803748;52,84069098;47,15930902;0
PAB2_6;2008;PAB2;TP;PAB;-0,24958816;-0,209447494;51,66769802;41,86262376;6,469678218
PAB2_3;2006;PAB2;TP;PAB;-0,223990364;-0,694028791;53,29026701;46,70973299;0
TIM2_9;2008;TIM2;TP;TIM;-0,222424466;-0,177855917;52,08828829;41,13513514;6,776576577
FAR_2;2007;FAR;RR;ARC;-0,222054915;0,615229852;57,47263017;38,51357365;19,8081887
FAR_6;2008;FAR;RR;ARC;-0,213980903;0,010280967;51,79391351;38,99092365;9,21516284
FAR_4;2006;FAR;RR;ARC;-0,170288795;-0,217023391;53,13346228;40,81237911;6,054158607
TIM1_4;2006;TIM1;PA;TIM;-0,16346238;-0,408796701;53,71527778;42,77777778;3,506944444
PAB2_5;2006;PAB2;TP;PAB;-0,147477278;-0,602176683;54,46812621;44,62974887;0,90212492
PA2_4;2008;PA2;PA;UCR;-0,136310361;-0,667442431;54,82758621;45,17241379;0
PLE_2;2006;PLE;PA;UCR;-0,134377279;-0,393963539;54,21089796;42,20313052;3,585971519
PNO_1;2007;PNO;RR;ARC;-0,123375501;-0,663520318;55,05437689;44,94562311;0
FAR_1;2006;FAR;RR;ARC;-0,116296142;-0,661373713;55,17850137;44,82149863;0
TIM2_9;2007;TIM2;TP;TIM;-0,112469706;-0,592367915;55,08384632;44,02462322;0,891530461
PA2_8;2006;PA2;TP;UCR;-0,101012076;-0,656739273;55,44648137;44,55351863;0
TIM3_3;2006;TIM3;PA;TIM;-0,034722192;-0,636638832;56,60876133;43,39123867;0
TIM2_5;2006;TIM2;PA;TIM;-0,027122883;0,776976123;53,37741047;28,07713499;18,54545455
FAR_6;2007;FAR;RR;ARC;-0,012275785;0,108488063;55,24215008;35,05588079;9,701969133
ITA4_3;2008;ITA4;PA;ITA;0,001133606;-0,625766625;57,23743156;42,76256844;0
TIM3_1;2007;TIM3;PA;TIM;0,001466187;0,428447558;54,73023635;31,41809291;13,85167074
PLE_5;2006;PLE;PA;UCR;0,011027673;-0,622766542;57,41090713;42,58909287;0
PAB2_4;2008;PAB2;TP;PAB;0,025985229;-0,425750853;57,21428571;40,25641026;2,529304029
ITA6_1;2007;ITA6;PA;ITA;0,044355866;-0,043315899;56,63793103;35,88054187;7,481527094
PNO_1;2008;PNO;RR;ARC;0,050934105;0,781468505;54,79172266;26,91480785;18,2934695
ITA6_2;2008;ITA6;PA;ITA;0,064388616;3,265790962;49,11467814;0;50,88532186
ARE_3;2008;ARE;PA;UCR;0,096058967;-0,596983325;58,90178571;41,09821429;0
PLE_5;2008;PLE;PA;UCR;0,103541748;-0,594714393;59,03298351;40,96701649;0
PAB1_2;2006;PAB1;TP;PAB;0,105441269;-0,59413842;59,06628837;40,93371163;0
TIM3_2;2008;TIM3;PA;TIM;0,106885145;2,963624596;50,61087268;2,643776824;46,7453505
ITA5_1;2006;ITA5;PA;ITA;0,11201757;0,069883367;57,60330579;33,69725968;8,699434537
PLE_7;2008;PLE;TP;UCR;0,113364093;1,147694484;55,05836576;22,08449138;22,85714286
ITA6_1;2008;ITA6;PA;ITA;0,133984459;1,117506414;55,50678372;22,11492418;22,3782921
TIM3_1;2008;TIM3;PA;TIM;0,139764013;-0,583731066;59,6680791;40,3319209;0
SGO_1;2007;SGO;PA;UCR;0,146485718;-0,581692908;59,78593272;40,21406728;0
TIM2_4;2007;TIM2;PA;TIM;0,158174845;1,421900103;55,22272727;18,49545455;26,28181818
PAB3_1;2006;PAB3;TP;PAB;0,167020142;0,50432275;57,57173059;28,23920266;14,18906675
FAR_4;2008;FAR;RR;ARC;0,172793321;-0,022031096;58,93196445;33,81857187;7,249463684
ITA4_1;2007;ITA4;PA;ITA;0,175793722;1,534455124;55,27604726;17,03329753;27,69065521
PAB2_4;2007;PAB2;TP;PAB;0,203849341;-0,564299091;60,79170594;39,20829406;0
TIM2_2;2008;TIM2;PA;TIM;0,208875497;-0,562775058;60,87983099;39,12016901;0
PLE_2;2007;PLE;PA;UCR;0,20961077;-0,562552109;60,89272275;39,10727725;0
PAB1_3;2008;PAB1;TP;PAB;0,210850168;1,66622289;55,60190703;15,11561383;29,28247914
TIM3_4;2008;TIM3;TP;TIM;0,231385747;-0,555949493;61,2745098;38,7254902;0
PLE_5;2007;PLE;PA;UCR;0,231688979;-0,555857546;61,27982646;38,72017354;0
TIM2_2;2007;TIM2;PA;TIM;0,257783687;-0,108337806;60,68932039;33,53398058;5,776699029
PA2_2;2006;PA2;PA;UCR;0,272628333;-0,543443902;61,99762815;38,00237185;0
ITA4_1;2006;ITA4;PA;ITA;0,279802344;0,918016102;58,64444945;22,17968926;19,17586129
PA2_1;2006;PA2;PA;UCR;0,284177155;-0,539942064;62,20011703;37,79988297;0
PA2_2;2008;PA2;PA;UCR;0,297789457;-0,535814537;62,4387855;37,5612145;0
TIM2_4;2006;TIM2;PA;TIM;0,306448643;-0,533188896;62,59060956;37,40939044;0
TIM2_6;2008;TIM2;PA;TIM;0,307848266;-0,104692985;61,59461883;32,78026906;5,625112108
ARE_3;2007;ARE;PA;UCR;0,310699681;-0,411950316;62,37918216;36,04460967;1,576208178
TIM3_1;2006;TIM3;PA;TIM;0,411757024;-0,501257253;64,43701226;35,56298774;0
PAB3_1;2007;PAB3;TP;PAB;0,412238368;-0,5011113;64,4454518;35,5545482;0
ITA7_1;2008;ITA7;PA;ITA;0,432824316;2,776955116;57,00629921;0;42,99370079
TIM2_1;2006;TIM2;PA;TIM;0,432981545;-0,494821546;64,80914801;35,19085199;0
TIM2_5;2007;TIM2;PA;TIM;0,446144741;0,560075755;62,53456221;23,65591398;13,80952381
TIM1_5;2006;TIM1;PA;TIM;0,449858906;-0,489703987;65,10506373;34,89493627;0
FAR_1;2007;FAR;RR;ARC;0,450157116;-0,228112052;64,4868677;32,07684825;3,436284047
PA2_3;2006;PA2;PA;UCR;0,477057677;-0,481456767;65,58194774;34,41805226;0
TIM2_2;2006;TIM2;PA;TIM;0,482235229;-0,479886828;65,67272727;34,32727273;0
ITA3_1;2008;ITA3;PA;ITA;0,486634362;2,132559955;59,52491534;6,163522013;34,31156265
PAB1_2;2007;PAB1;TP;PAB;0,500004976;-0,474498679;65,98428945;34,01571055;0
TIM2_5;2008;TIM2;PA;TIM;0,508026831;-0,472066289;66,12493899;33,87506101;0
ITA1_1;2007;ITA1;PA;ITA;0,514950534;-0,469966882;66,24633431;33,75366569;0
TIM1_5;2008;TIM1;PA;TIM;0,522813427;1,220087865;62,3607577;15,46225615;22,17698615
PA2_6;2007;PA2;PA;UCR;0,530788214;-0,465164575;66,52402099;33,47597901;0
TIM2_1;2007;TIM2;PA;TIM;0,534596922;-0,464009697;66,59080019;33,40919981;0
FAR_1;2008;FAR;RR;ARC;0,545528279;-0,460695088;66,78246287;33,21753713;0
PAB2_6;2006;PAB2;TP;PAB;0,548882771;-0,459677937;66,84127816;33,15872184;0
TIM2_6;2007;TIM2;PA;TIM;0,556109253;0,054429714;65,74756358;27,52555265;6,726883765
SGO_3;2006;SGO;PA;UCR;0,590945797;-0,446923572;67,57878151;32,42121849;0
PLE_3;2007;PLE;PA;UCR;0,596497055;-0,445240318;67,67611336;32,32388664;0
PAB1_7;2006;PAB1;PA;PAB;0,610746081;-0,324296895;67,64791465;30,81959263;1,532492726
TIM2_9;2006;TIM2;TP;TIM;0,615022201;-0,439623117;68,00092017;31,99907983;0
PAB2_1;2006;PAB2;PA;PAB;0,623983677;-0,436905815;68,15804434;31,84195566;0
PA2_7;2007;PA2;PA;UCR;0,625947701;-0,436310283;68,19248017;31,80751983;0
PAB1_1;2006;PAB1;TP;PAB;0,652016374;-0,428405731;68,64954985;31,35045015;0
PA2_7;2006;PA2;PA;UCR;0,693906152;-0,415703899;69,38401559;30,61598441;0
PAB2_5;2008;PAB2;TP;PAB;0,734470554;0,159902821;68,75230898;23,84550798;7,402183039
PAB2_1;2007;PAB2;PA;PAB;0,741898088;-0,401151767;70,22547227;29,77452773;0
TIM1_1;2008;TIM1;PA;TIM;0,752027317;-0,398080379;70,40307102;29,59692898;0
TIM3_5;2006;TIM3;PA;TIM;0,752792596;0,891348711;67,34301837;15,71617241;16,94080922
SGO_1;2008;SGO;PA;UCR;0,762195133;0,458686189;68,54614851;20,23594726;11,21790423
PAB1_2;2008;PAB1;TP;PAB;0,763003554;0,244621476;71,13537118;24,20669578;9,143377001
TIM2_6;2006;TIM2;PA;TIM;0,796130524;-0,38470739;71,17634546;28,82365454;0
TIM1_3;2007;TIM1;PA;TIM;0,80996161;-0,380513523;71,41884995;28,58115005;0
PA2_3;2008;PA2;PA;UCR;0,859741505;-0,315849234;72,17347956;27,17514124;0,651379196
PA2_3;2007;PA2;PA;UCR;0,869413368;-0,234652405;72,156476;26,16370809;1,679815911
TIM3_4;2007;TIM3;TP;TIM;0,892641296;-0,355443361;72,86849711;27,13150289;0
SGO_3;2008;SGO;PA;UCR;0,938309841;-0,296612123;73,56197531;25,84691358;0,591111111
FAR_5;2008;FAR;RR;ARC;0,966288093;0,747440201;71,58371041;14,21719457;14,19909502
PA2_1;2007;PA2;PA;UCR;0,974309082;-0,330680027;74,30040232;25,69959768;0
PA2_7;2008;PA2;PA;UCR;0,982545436;-0,328182597;74,44481273;25,55518727;0
PAB3_2;2007;PAB3;TP;PAB;0,988213313;-0,326463982;74,54418928;25,45581072;0
ITA7_1;2007;ITA7;PA;ITA;1,004693668;2,018206061;69,25531915;0;30,74468085
PLE_3;2008;PLE;PA;UCR;1,009647434;-0,31996472;74,92;25,08;0
PA2_6;2008;PA2;PA;UCR;1,017643553;-0,317540134;75,0601983;24,9398017;0
PAB1_3;2006;PAB1;TP;PAB;1,037688364;-0,31146214;75,41164985;24,58835015;0
TIM2_3;2006;TIM2;PA;TIM;1,056887026;-0,305640715;75,74826561;24,25173439;0
ITA1_1;2006;ITA1;PA;ITA;1,065293575;0,534658606;73,89844734;15,09302;11,00853266
TIM3_6;2006;TIM3;PA;TIM;1,094086887;-0,294360961;76,40050167;23,59949833;0
PLE_3;2006;PLE;PA;UCR;1,099687381;-0,292662777;76,49869679;23,50130321;0
ARE_3;2006;ARE;PA;UCR;1,126394867;-0,284564524;76,96696697;23,03303303;0
PLE_2;2008;PLE;PA;UCR;1,137679827;-0,075321037;76,67414669;20,62123538;2,704617928
ITA5_1;2007;ITA5;PA;ITA;1,141073547;0,700171106;74,88731487;12,23116549;12,88151964
PA2_1;2008;PA2;PA;UCR;1,145259951;-0,103011538;76,87854545;20,81090909;2,310545455
PAB3_2;2008;PAB3;TP;PAB;1,162554607;0,251183506;76,34987196;16,75416133;6,895966709
ARE_5;2008;ARE;TP;UCR;1,172860685;0,055589797;77,00432069;18,71099376;4,28468555
ITA3_2;2008;ITA3;PA;ITA;1,211079556;1,212686818;74,94350962;5,719150641;19,33733974
FAR_5;2006;FAR;RR;ARC;1,247381658;-0,247878868;79,08826382;20,91173618;0
SGO_3;2007;SGO;PA;UCR;1,291623984;-0,234463695;79,86397749;20,13602251;0
TIM3_5;2007;TIM3;PA;TIM;1,304655003;0,811842486;77,60746004;8,695381883;13,69715808
TIM3_6;2008;TIM3;PA;TIM;1,309260637;-0,229115903;80,17320608;19,82679392;0
PAB1_6;2007;PAB1;PA;PAB;1,341677562;-0,219286432;80,74158154;19,25841846;0
ITA3_1;2007;ITA3;PA;ITA;1,363647583;1,015330458;78,19931973;5,66462585;16,13605442
ITA1_1;2008;ITA1;PA;ITA;1,402073673;0,510156344;80,10517799;10,55016181;9,344660194
PAB1_6;2008;PAB1;PA;PAB;1,419710513;-0,171132704;82,05136541;17,62678804;0,321846554
TIM1_2;2007;TIM1;PA;TIM;1,4324305;-0,191768295;82,33277939;17,66722061;0
SGO_4;2007;SGO;PA;UCR;1,522502092;-0,082482184;83,71660204;15,20620374;1,077194219
PA2_5;2008;PA2;PA;UCR;1,537559102;-0,159891165;84,17602996;15,82397004;0
PAB1_1;2008;PAB1;TP;PAB;1,553508989;-0,155054835;84,45568401;15,54431599;0
TIM3_6;2007;TIM3;PA;TIM;1,564520416;-0,151715946;84,64875059;15,35124941;0
PAB5_1;2006;PAB5;PA;PAB;1,572931137;-0,149165645;84,79621822;15,20378178;0
FAR_5;2007;FAR;RR;ARC;1,596479063;-0,142025435;85,20909091;14,79090909;0
PAB1_7;2007;PAB1;PA;PAB;1,600580422;0,360798818;84,08522337;9,32371134;6,591065292
TIM1_3;2008;TIM1;PA;TIM;1,621912993;-0,053174835;85,46159569;13,47219639;1,066207923
ITA3_1;2006;ITA3;PA;ITA;1,632365977;0,419132025;84,52643857;8,242612753;7,230948678
PAB1_5;2008;PAB1;PA;PAB;1,637871331;-0,06867907;86,01380042;13,59341826;0,879334749
ITA4_2;2008;ITA4;PA;ITA;1,649445341;0,872675275;83,75698663;3,120291616;13,12272175
PAB5_1;2008;PAB5;PA;PAB;1,671550797;-0,119262158;86,52534562;13,47465438;0
PAB1_5;2006;PAB1;PA;PAB;1,67410551;-0,118487517;86,57013815;13,42986185;0
ARE_1;2008;ARE;PA;UCR;1,674823959;-0,056164459;86,43467492;12,74922601;0,816099071
ITA3_3;2006;ITA3;PA;ITA;1,701179498;-0,110278133;87,04483431;12,95516569;0
PA2_5;2007;PA2;PA;UCR;1,712703005;-0,106783972;87,24687933;12,75312067;0
TIM3_2;2007;TIM3;PA;TIM;1,719003145;0,660853935;85,5318323;4,406055901;10,0621118
ITA3_2;2007;ITA3;PA;ITA;1,731372201;0,389327429;86,40496836;7,150222639;6,444808999
SGO_4;2006;SGO;PA;UCR;1,781178491;0,345262945;87,41929134;6,913385827;5,667322835
SGO_4;2008;SGO;PA;UCR;1,782038071;0,06847217;88,09485851;9,878437625;2,026703866
TIM1_2;2006;TIM1;PA;TIM;1,788069035;-0,083931459;88,56829402;11,43170598;0
TIM1_2;2008;TIM1;PA;TIM;1,799910456;-0,080340899;88,77591313;11,22408687;0
TIM3_5;2008;TIM3;PA;TIM;1,822474223;0,28426469;88,31861452;6,980158275;4,701227205
PAB1_7;2008;PAB1;PA;PAB;1,823563402;0,612157072;87,55679702;3,437616387;9,005586592
PAB1_5;2007;PAB1;PA;PAB;1,83035905;-0,01988569;89,55876854;10,44123146;0,806431509
PAB5_1;2007;PAB5;PA;PAB;1,830438757;-0,071084097;89,31117479;10,68882521;0
ITA5_1;2008;ITA5;PA;ITA;1,856305859;0,438245594;88,56915739;4,841017488;6,589825119
PAB1_6;2006;PAB1;PA;PAB;1,857930884;-0,062747925;89,79320229;10,20679771;0
ARE_2;2007;ARE;PA;UCR;1,86721735;-0,05993208;89,95602463;10,04397537;0
PA2_5;2006;PA2;PA;UCR;1,871119088;-0,058748993;90,02443494;9,975565058;0
SGO_5;2008;SGO;PA;UCR;1,87613813;0,179838129;89,54726718;7,337555712;3,115177105
PAB2_1;2008;PAB2;PA;PAB;1,906027378;-0,04816409;90,63649222;9,363507779;0
ITA3_2;2006;ITA3;PA;ITA;1,918730314;0,299757447;90,03894764;5,43977302;4,52127934
ITA6_2;2007;ITA6;PA;ITA;1,930458909;-0,040755953;91,06485741;8,935142594;0
PLE_4;2007;PLE;PA;UCR;1,940385018;0,668897504;89,55424275;1,160042965;9,285714286
ITA7_1;2006;ITA7;PA;ITA;1,958266117;-0,032324241;91,55240934;8,447590661;0
PLE_1;2006;PLE;PA;UCR;1,963773609;-0,030654258;91,64897381;8,351026185;0
ITA4_2;2006;ITA4;PA;ITA;1,964931005;-0,030303312;91,66926677;8,330733229;0
ARE_1;2006;ARE;PA;UCR;1,989538958;0,315334248;91,29450731;4,261661606;4,443831079
PLE_4;2008;PLE;PA;UCR;2,015495475;0,246727603;91,93193363;4,629190654;3,43887572
PAB3_1;2008;PAB3;TP;PAB;2,018831168;-0,013959686;92,61431412;7,385685885;0
TIM3_2;2006;TIM3;PA;TIM;2,052774896;-0,003667257;93,20945946;6,790540541;0
PLE_1;2007;PLE;PA;UCR;2,102499286;0,011410189;94,08129176;5,918708241;0
TIM1_4;2007;TIM1;PA;TIM;2,103268675;0,011643483;94,09478168;5,905218317;0
SGO_2;2008;SGO;PA;UCR;2,112385051;0,095239978;94,0619162;4,875900721;1,06218308
ITA3_3;2008;ITA3;PA;ITA;2,11272768;0,115693865;94,01940883;4,650997151;1,329594017
SGO_5;2007;SGO;PA;UCR;2,15285005;0,128266469;94,72191655;3,943145346;1,334938102
ARE_2;2006;ARE;PA;UCR;2,162236814;0,55632969;97,68947368;2,310526316;8,293859649
ITA3_3;2007;ITA3;PA;ITA;2,164227583;0,030127464;95,16359206;4,836407936;0
TIM2_3;2008;TIM2;PA;TIM;2,192389917;0,038666856;95,65737052;4,342629482;0
ARE_1;2007;ARE;PA;UCR;2,197658872;0,145831452;95,49807903;3,114709111;1,387211855
PLE_1;2008;PLE;PA;UCR;2,19963004;0,040862209;95,78431373;4,215686275;0
TIM2_3;2007;TIM2;PA;TIM;2,215181199;0,045577637;96,05697674;3,943023256;0
SGO_2;2007;SGO;PA;UCR;2,231701053;0,098564171;96,2322452;3,137303763;0,630451034
ARE_2;2008;ARE;PA;UCR;2,236182213;0,051945571;96,42519368;3,574806319;0
TIM1_4;2008;TIM1;PA;TIM;2,249954468;0,056121599;96,66666667;3,333333333;0
SGO_5;2006;SGO;PA;UCR;2,270444694;0,062334653;97,02592781;2,974072191;0
ITA4_2;2007;ITA4;PA;ITA;2,281555724;0,065703743;97,22074074;2,779259259;0
PLE_4;2006;PLE;PA;UCR;2,334004657;0,081607326;98,14034325;1,859656746;0
SGO_2;2006;SGO;PA;UCR;2,393085335;0,099521789;99,17622209;0,823777912;0
