SITE_COL;SITE;HAB;REEF;ARCH;UNIQUE_ID;RGR;AR_TOTAL_INICIAL;MEAN_AR_TOTAL;MEAN_HEALTH;MEAN_BLEACH;MEAN_DEAD_TISSUE;HEALTH_PC1;HEALTH_PC2;PC1_INTERACAO;PC2_INTERACAO;PC1_ENV_MAG;PC2_ENV_MAG;PC1_ENV_VAR;PC2_ENV_VAR;SST_MEAN;MEAN_DLI_LOCAL;CHL_MEAN;PROP_DHW_GT4;PROP_DHW_GT8;DEPTH;SST_PERIOD_PRIMARY;DLI_PERIOD_PRIMARY;CHL_PERIOD_PRIMARY;SST_PERIOD_SECONDARY;DLI_PERIOD_SECONDARY;CHL_PERIOD_SECONDARY
ARE_1;ARE;PA;UCR;inner;ARE_PA;-0,0574101373391873;36,23;34,989999999999995;91,07575375700316;6,708532241154221;2,2157140018426102;-2,141331556019529;0,1834165249755804;1,116428063070814;0,1911211802064952;1,315452926798177;0,0901107430808629;0,5184537196399875;0,7031748831299296;25,72243690490723;15,58901416960797;1,202574491500854;0,0;0;8,8;365,0182196772514;363,1619339984651;363,1619339984651;33,21403759920844;14,764942449036196;14,764942449036196
ARE_2;ARE;PA;UCR;inner;ARE_PA;-0,0685734717072905;11,4;10,903;94,69023066395891;5,3097693360410885;2,764619883040936;-2,282305971515083;0,2489967684800447;1,116428063070814;0,1911211802064952;1,315452926798177;0,0901107430808629;0,5184537196399875;0,7031748831299296;25,72243690490723;15,58901416960797;1,202574491500854;0,0;0;8,8;365,0182196772514;363,1619339984651;363,1619339984651;33,21403759920844;14,764942449036196;14,764942449036196
ARE_3;ARE;PA;UCR;inner;ARE_PA;-0,0866764434055971;13,32;12,656666666666666;66,08264494579551;33,391952328058274;0,5254027261462206;-0,5945747994636291;-0,5116716650965893;1,116428063070814;0,1911211802064952;1,315452926798177;0,0901107430808629;0,5184537196399875;0,7031748831299296;25,72243690490723;15,58901416960797;1,202574491500854;0,0;0;8,8;365,0182196772514;363,1619339984651;363,1619339984651;33,21403759920844;14,764942449036196;14,764942449036196
ARE_4;ARE;TP;UCR;inner;ARE_TP;0,2079325777266261;8,577;10,525666666666666;23,242305988287104;74,90128375530264;1,8564102564102565;2,0332617859008515;-1,300799054471019;-0,4499847149766944;-1,6435436881417644;1,138244860115029;-0,7624094040460739;0,08910015882660498;-0,1279960766452829;25,72243690490723;24,8917608922711;1,202574491500854;0,0;0;5,2;365,0182196772514;363,1619339984651;363,1619339984651;33,21403759920844;33,35003915426782;14,764942449036196
ARE_5;ARE;TP;UCR;inner;ARE_TP;0,0626335825033874;7,351;8,242333333333333;52,89191714090264;44,58839286337088;2,5196899957264822;0,205764951270763;-0,6038907636555658;-0,4499847149766944;-1,6435436881417644;1,138244860115029;-0,7624094040460739;0,08910015882660498;-0,1279960766452829;25,72243690490723;24,8917608922711;1,202574491500854;0,0;0;5,2;365,0182196772514;363,1619339984651;363,1619339984651;33,21403759920844;33,35003915426782;14,764942449036196
FAR_1;FAR;RR;ARC;outer;FAR_RR;0,2465868416305154;5,098;7,223333333333334;62,14927731424154;36,705294670194256;1,1454280155642025;-0,3560604890456523;-0,5367591481454276;-1,5270841889647526;1,2280325433971766;1,572526185093074;-0,9533870462436418;-1,871994963234437;0,02456690403894671;25,71939086914062;26,52797287141231;0,7046629190444946;0,0;0;5,8;365,0182196772514;368,8594783962631;368,8594783962631;33,21403759920844;28,14839263317711;2,301427530561028
FAR_2;FAR;RR;ARC;outer;FAR_RR;-0,0018310248032571;19,15;20,23333333333333;46,8064436289303;31,81983017659905;26,63852370225881;0,6071410661321475;1,4391457837302608;-1,5270841889647526;1,2280325433971766;1,572526185093074;-0,9533870462436418;-1,871994963234437;0,02456690403894671;25,71939086914062;26,52797287141231;0,7046629190444946;0,0;0;5,8;365,0182196772514;368,8594783962631;368,8594783962631;33,21403759920844;28,14839263317711;2,301427530561028
FAR_3;FAR;RR;ARC;outer;FAR_RR;0,0749822215092561;8,857;8,784666666666666;18,648843826157933;26,36466695595948;54,98648921788259;2,0213186821416413;3,656165866516555;-1,5270841889647526;1,2280325433971766;1,572526185093074;-0,9533870462436418;-1,871994963234437;0,02456690403894671;25,71939086914062;26,52797287141231;0,7046629190444946;0,0;0;5,8;365,0182196772514;368,8594783962631;368,8594783962631;33,21403759920844;28,14839263317711;2,301427530561028
FAR_4;FAR;RR;ARC;outer;FAR_RR;0,4630343451053682;2,585;4,371333333333333;53,52218362972451;41,63941183774321;4,83840453253228;0,1541431577352645;-0,3697997564930778;-1,5270841889647526;1,2280325433971766;1,572526185093074;-0,9533870462436418;-1,871994963234437;0,02456690403894671;25,71939086914062;26,52797287141231;0,7046629190444946;0,0;0;5,8;365,0182196772514;368,8594783962631;368,8594783962631;33,21403759920844;28,14839263317711;2,301427530561028
FAR_5;FAR;RR;ARC;outer;FAR_RR;0,0346580649674466;10,31;10,786666666666669;78,62702171262107;16,639946613170782;4,733031674208145;-1,3895329240490517;0,156823221051771;-1,5270841889647526;1,2280325433971766;1,572526185093074;-0,9533870462436418;-1,871994963234437;0,02456690403894671;25,71939086914062;26,52797287141231;0,7046629190444946;0,0;0;5,8;365,0182196772514;368,8594783962631;368,8594783962631;33,21403759920844;28,14839263317711;2,301427530561028
FAR_6;FAR;RR;ARC;outer;FAR_RR;0,0365408813379497;17,41;18,31;51,8314736178368;38,01560147984946;10,152924902313744;0,2286846707546398;0,0997186252076432;-1,5270841889647526;1,2280325433971766;1,572526185093074;-0,9533870462436418;-1,871994963234437;0,02456690403894671;25,71939086914062;26,52797287141231;0,7046629190444946;0,0;0;5,8;365,0182196772514;368,8594783962631;368,8594783962631;33,21403759920844;28,14839263317711;2,301427530561028
FAR_7;FAR;RR;ARC;outer;FAR_RR;0,2895134304988401;4,701;6,376;24,969982432671305;69,0696701487873;5,960347418541403;1,9042401861058549;-0,8733912756204386;-1,5270841889647526;1,2280325433971766;1,572526185093074;-0,9533870462436418;-1,871994963234437;0,02456690403894671;25,71939086914062;26,52797287141231;0,7046629190444946;0,0;0;5,8;365,0182196772514;368,8594783962631;368,8594783962631;33,21403759920844;28,14839263317711;2,301427530561028
GUA_1;GUA;RR;ARC;outer;GUA_RR;0,1487935813853576;15,32;16,74;37,83041716199714;58,116994555830594;4,052588282172258;1,123737949982229;-0,7799997513956946;1,9260236847340644;-0,5791864304990568;1,554524935000648;-1,039988230176786;-1,889105775031251;-0,008557334727695024;25,71939086914062;27,80144699694984;0,7046629190444946;0,0;0;5,4;365,0182196772514;368,8594783962631;368,8594783962631;33,21403759920844;28,114986483813546;2,301427530561028
GUA_2;GUA;RR;ARC;outer;GUA_RR;-0,0334295327390645;8,226;9,27;22,18256819976233;29,37744899469166;48,439982805546;1,8402376926244213;3,1088248247025416;1,9260236847340644;-0,5791864304990568;1,554524935000648;-1,039988230176786;-1,889105775031251;-0,008557334727695024;25,71939086914062;27,80144699694984;0,7046629190444946;0,0;0;5,4;365,0182196772514;368,8594783962631;368,8594783962631;33,21403759920844;28,114986483813546;2,301427530561028
ITA1_1;ITA1;PA;ITA;inner;ITA1_PA;0,2737464826224151;7,149;9,913;73,4166532132232;19,79894916808163;6,784397618695171;-1,0804010311464227;0,2406256299591611;-0,7017553260920554;-0,952495126392386;-1,688479175381434;-0,01738723406662936;2,146428040428602;-0,01801945715038911;25,63323402404785;19,88873400018177;2,636123180389404;0,003934337267670601;0;4,2;365,0182196772514;368,8352162056876;368,8352162056876;112,09236234458258;2,285962624945676;14,752259270800872
ITA1_2;ITA1;TP;ITA;inner;ITA1_TP;0,0885393768113822;20,08;23,113333333333333;9,63231828525254;48,22342927166312;42,14425244308433;2,647131364289812;2,241528255820911;-1,2372782330722003;-0,6206528954284127;-1,93434373536791;-1,200202975901612;1,364116107528009;-1,532470528385852;25,63323402404785;37,74004125106693;2,636123180389404;0,003934337267670601;0;1,3;365,0182196772514;363,17606444188726;368,8352162056876;112,09236234458258;33,22105263157894;14,752259270800872
ITA1_3;ITA1;TP;ITA;inner;ITA1_TP;0,1645660052388782;31,84;40,57333333333333;4,999365351653306;27,8120181443862;67,1886165039605;2,7932956004394884;4,525383530384096;-1,2372782330722003;-0,6206528954284127;-1,93434373536791;-1,200202975901612;1,364116107528009;-1,532470528385852;25,63323402404785;37,74004125106693;2,636123180389404;0,003934337267670601;0;1,3;365,0182196772514;363,17606444188726;368,8352162056876;112,09236234458258;33,22105263157894;14,752259270800872
ITA1_4;ITA1;TP;ITA;inner;ITA1_TP;0,1457957999555472;8,935;10,253;27,001933715342403;54,50885033924154;18,48921594541606;1,7098027857907718;0,3621259111252483;-1,2372782330722003;-0,6206528954284127;-1,93434373536791;-1,200202975901612;1,364116107528009;-1,532470528385852;25,63323402404785;37,74004125106693;2,636123180389404;0,003934337267670601;0;1,3;365,0182196772514;363,17606444188726;368,8352162056876;112,09236234458258;33,22105263157894;14,752259270800872
ITA3_1;ITA3;PA;ITA;inner;ITA3_PA;0,2372808274421018;12,86;16,076666666666668;74,08355787777803;6,690253538546789;19,226188583675174;-1,1903883982372927;1,4386780034367657;-0,7261949752628641;1,722085137699892;-0,7654313240811242;1,960182541848692;2,48105987086139;2,104959020788888;25,64889717102051;6,816167397078322;1,904224634170532;0,004477004477004477;0;12,3;365,0182196772514;368,8352162056876;363,17606444188726;112,23589670626734;;
ITA3_2;ITA3;PA;ITA;inner;ITA3_PA;0,1263874861891671;38,77;43,78666666666667;83,79580853905304;6,1030487667528535;10,101142694194104;-1,7372329355933078;0,7780713294193592;-0,7261949752628641;1,722085137699892;-0,7654313240811242;1,960182541848692;2,48105987086139;2,104959020788888;25,64889717102051;6,816167397078322;1,904224634170532;0,004477004477004477;0;12,3;365,0182196772514;368,8352162056876;363,17606444188726;112,23589670626734;;
ITA3_3;ITA3;PA;ITA;inner;ITA3_PA;0,0452570037704156;51,3;54,97333333333333;92,07594506798186;7,480856926320132;0,4431980056980056;-2,193030780436222;0,0361477285548598;-0,7261949752628641;1,722085137699892;-0,7654313240811242;1,960182541848692;2,48105987086139;2,104959020788888;25,64889717102051;6,816167397078322;1,904224634170532;0,004477004477004477;0;12,3;365,0182196772514;368,8352162056876;363,17606444188726;112,23589670626734;;
ITA4_1;ITA4;PA;ITA;inner;ITA4_PA;0,0855753931216529;44,41;47,88666666666666;51,958318637456046;22,61558762659853;25,42609373594541;0,1362234653633032;1,555623016437895;-2,2993194212437507;-0,698932810932011;-1,663798469977966;0,1013477591850172;2,225211190728038;0,1344941647803213;25,63323402404785;18,6329017766071;2,636123180389404;0,003934337267670601;0;4,5;365,0182196772514;368,8352162056876;368,8352162056876;112,09236234458258;2,285962624945676;14,752259270800872
ITA4_2;ITA4;PA;ITA;inner;ITA4_PA;0,1249633718781999;12,82;14,26;90,88233138189214;4,743428034875771;4,374240583232078;-2,1413983110346124;0,3846587325443483;-2,2993194212437507;-0,698932810932011;-1,663798469977966;0,1013477591850172;2,225211190728038;0,1344941647803213;25,63323402404785;18,6329017766071;2,636123180389404;0,003934337267670601;0;4,5;365,0182196772514;368,8352162056876;368,8352162056876;112,09236234458258;2,285962624945676;14,752259270800872
ITA4_3;ITA4;PA;ITA;inner;ITA4_PA;0,3817282134350455;9,363;13,621;28,982188666179734;63,95023886969605;7,067572464124223;1,651302229870098;-0,6822761975759307;-2,2993194212437507;-0,698932810932011;-1,663798469977966;0,1013477591850172;2,225211190728038;0,1344941647803213;25,63323402404785;18,6329017766071;2,636123180389404;0,003934337267670601;0;4,5;365,0182196772514;368,8352162056876;368,8352162056876;112,09236234458258;2,285962624945676;14,752259270800872
ITA4_4;ITA4;PA;ITA;inner;ITA4_PA;0,3384150079463289;5,499;7,427666666666667;27,02838204397764;56,24079597497562;16,730821981046734;1,7179226023742695;0,1953857462589402;-2,2993194212437507;-0,698932810932011;-1,663798469977966;0,1013477591850172;2,225211190728038;0,1344941647803213;25,63323402404785;18,6329017766071;2,636123180389404;0,003934337267670601;0;4,5;365,0182196772514;368,8352162056876;368,8352162056876;112,09236234458258;2,285962624945676;14,752259270800872
ITA5_1;ITA5;PA;ITA;inner;ITA5_PA;0,0450980465285748;22,99;26,40333333333333;73,68659268408244;16,923147550784353;9,390259765133198;-1,111449875573946;0,4943353460516899;-0,0858442090051776;-0,8923299748336195;-1,643311425947427;-0,1086732099462093;1,684387629424565;-0,1421139530864705;25,64889717102051;22,67346107178711;2,636123180389404;0,004477004477004477;0;3,6;365,0182196772514;363,17606444188726;368,8352162056876;112,23589670626734;2,285962624945676;14,752259270800872
ITA6_1;ITA6;PA;ITA;inner;ITA6_PA;0,1522919416271919;18,48;19,926666666666662;48,72175917470658;38,68607887221834;12,592161953075072;0,4064502244180293;0,2653299606399814;-2,279811464737078;-1,0312656659936412;-1,680235118231991;0,02227362870060001;2,172753503771484;0,03294311223363529;25,63323402404785;19,4605605225889;2,636123180389404;0,003934337267670601;0;4,3;365,0182196772514;368,8352162056876;368,8352162056876;112,09236234458258;2,285962624945676;14,752259270800872
ITA6_2;ITA6;PA;ITA;inner;ITA6_PA;0,1224876874377899;4,73;5,040333333333333;63,44955624602983;19,588669800635746;16,961773953334436;-0,5237133044919812;0,9959104883744602;-2,279811464737078;-1,0312656659936412;-1,680235118231991;0,02227362870060001;2,172753503771484;0,03294311223363529;25,63323402404785;19,4605605225889;2,636123180389404;0,003934337267670601;0;4,3;365,0182196772514;368,8352162056876;368,8352162056876;112,09236234458258;2,285962624945676;14,752259270800872
ITA6_3;ITA6;TP;ITA;inner;ITA6_TP;-0,0754634352317911;33,55;30,336666666666662;23,808261890784035;56,26346254044925;19,92827556876672;1,8982767134691312;0,4307788806048028;-2,2226555121282714;0,1669436254724678;-1,925664308200165;-1,158447616427744;1,391248068586869;-1,479946687495482;25,63323402404785;36,90447453989426;2,636123180389404;0,003934337267670601;0;1,4;365,0182196772514;363,17606444188726;368,8352162056876;112,09236234458258;33,22105263157894;14,752259270800872
ITA7_1;ITA7;PA;ITA;inner;ITA7_PA;0,0495032708741343;40,26;40,77;72,60467590027639;2,8158635535684717;24,579460546155133;-1,129091745884988;1,916411576876561;0,2020424125387612;1,4637312098482236;-0,992692654692096;0,1246405415707494;1,44921518127974;-0,0340752430886424;25,65650749206543;19,29289163965559;1,904224634170532;0,004205670872337539;0;5,6;365,0182196772514;363,17606444188726;363,17606444188726;112,09236234458258;;
ITA7_2;ITA7;TP;ITA;inner;ITA7_TP;0,2540973271034421;12,94;18,706666666666667;38,61360356050819;44,40260913138416;16,983787308107647;1,0038850359623792;0,4671039003649713;-1,729223773466779;-0,6620788610618418;-1,187044936780099;-0,8103577303554178;0,9286759005447509;-1,041769537621937;25,65650749206543;32,06663206699489;1,904224634170532;0,004205670872337539;0;2,6;365,0182196772514;363,17606444188726;363,17606444188726;112,09236234458258;28,128342245989305;
MVE_1;MVE;RR;ARC;outer;MVE_RR;0,196150624870961;11,47;14,646666666666668;42,69308919418119;48,36150368562671;8,945407120192101;0,7975023386313395;-0,2105177716425281;-0,4491352184292581;0,4461773740615565;1,510742007582365;-1,318111526734754;-1,92712627878725;-0,126836276017433;25,72056198120117;32,38953930171423;0,7046629190444946;0,0;0;4,1;365,0182196772514;368,8594783962631;368,8594783962631;33,21403759920844;28,114986483813546;2,301427530561028
MVE_2;MVE;RR;ARC;outer;MVE_RR;-0,0935910388604384;4,991;4,794999999999999;32,299969447037086;47,76559549504419;19,934435057918733;1,3758968139749526;0,6128863312957754;-0,4491352184292581;0,4461773740615565;1,510742007582365;-1,318111526734754;-1,92712627878725;-0,126836276017433;25,72056198120117;32,38953930171423;0,7046629190444946;0,0;0;4,1;365,0182196772514;368,8594783962631;368,8594783962631;33,21403759920844;28,114986483813546;2,301427530561028
PA2_1;PA2;PA;UCR;inner;PA2_PA;0,2378462537725132;17,09;22,320000000000004;71,12635493552956;28,10346324628861;0,7701818181818182;-0,9061825728153508;-0,3805658001084077;0,1407940268781475;-1,2225067753943066;1,052959703248093;0,9163476284087227;-1,538687268676056;0,017625173667264;25,73660469055176;14,68005060411693;0,7222000360488892;0,004748338081671415;0;10,8;365,0182196772514;362,9629629629629;362,9629629629629;33,21403759920844;;
PA2_10;PA2;TP;UCR;inner;PA2_TP;0,2919911736671543;7,813;10,967666666666666;32,79475756033217;67,20524243966783;0,0;1,4559570814922869;-1,273234331395945;1,3266384342675137;-0,7070749090024916;0,7588829707867144;-0,4984092950040884;-1,757804848845246;-0,4065570994873495;25,73660469055176;31,82440074907266;0,7222000360488892;0,004748338081671415;0;4,4;365,0182196772514;362,9629629629629;362,9629629629629;33,21403759920844;33,18908748824083;
PA2_2;PA2;PA;UCR;inner;PA2_PA;0,1483339008773994;7,589;9,005666666666668;57,29206845409211;42,70793154590789;0,0;-0,0509325911128915;-0,749572156245997;0,1407940268781475;-1,2225067753943066;1,052959703248093;0,9163476284087227;-1,538687268676056;0,017625173667264;25,73660469055176;14,68005060411693;0,7222000360488892;0,004748338081671415;0;10,8;365,0182196772514;362,9629629629629;362,9629629629629;33,21403759920844;;
PA2_3;PA2;PA;UCR;inner;PA2_PA;0,0874853868598042;25,26;28,590000000000003;69,97063443580461;29,252300528751643;0,7770650354437455;-0,8351295239186091;-0,4046159267776399;0,1407940268781475;-1,2225067753943066;1,052959703248093;0,9163476284087227;-1,538687268676056;0,017625173667264;25,73660469055176;14,68005060411693;0,7222000360488892;0,004748338081671415;0;10,8;365,0182196772514;362,9629629629629;362,9629629629629;33,21403759920844;;
PA2_4;PA2;PA;UCR;inner;PA2_PA;0,3562087358125646;6,116;9,288333333333334;45,39139152471785;54,60860847528215;0,0;0,6811072331623824;-1,0039647462580037;0,1407940268781475;-1,2225067753943066;1,052959703248093;0,9163476284087227;-1,538687268676056;0,017625173667264;25,73660469055176;14,68005060411693;0,7222000360488892;0,004748338081671415;0;10,8;365,0182196772514;362,9629629629629;362,9629629629629;33,21403759920844;;
PA2_5;PA2;PA;UCR;inner;PA2_PA;-0,0108062248714151;16,37;15,603333333333332;87,14911474625728;12,850885253742732;0,0;-1,8875127327976997;-0,1113386018483784;0,1407940268781475;-1,2225067753943066;1,052959703248093;0,9163476284087227;-1,538687268676056;0,017625173667264;25,73660469055176;14,68005060411693;0,7222000360488892;0,004748338081671415;0;10,8;365,0182196772514;362,9629629629629;362,9629629629629;33,21403759920844;;
PA2_6;PA2;PA;UCR;inner;PA2_PA;0,0794712979991307;24,09;25,7;64,79540394048003;35,20459605951997;0,0;-0,5124811587726178;-0,5891785114609865;0,1407940268781475;-1,2225067753943066;1,052959703248093;0,9163476284087227;-1,538687268676056;0,017625173667264;25,73660469055176;14,68005060411693;0,7222000360488892;0,004748338081671415;0;10,8;365,0182196772514;362,9629629629629;362,9629629629629;33,21403759920844;;
PA2_7;PA2;PA;UCR;inner;PA2_PA;0,0811522407770957;25,65;28,27;70,6737694959972;29,326230504002798;0,0;-0,8740738407540184;-0,4635207318590315;0,1407940268781475;-1,2225067753943066;1,052959703248093;0,9163476284087227;-1,538687268676056;0,017625173667264;25,73660469055176;14,68005060411693;0,7222000360488892;0,004748338081671415;0;10,8;365,0182196772514;362,9629629629629;362,9629629629629;33,21403759920844;;
PA2_8;PA2;TP;UCR;inner;PA2_TP;0,0720232909890494;8,455;8,769;37,533640908660736;61,44229355114469;1,0240655401945722;1,158780384071631;-1,074497935783075;1,3266384342675137;-0,7070749090024916;0,7588829707867144;-0,4984092950040884;-1,757804848845246;-0,4065570994873495;25,73660469055176;31,82440074907266;0,7222000360488892;0,004748338081671415;0;4,4;365,0182196772514;362,9629629629629;362,9629629629629;33,21403759920844;33,18908748824083;
PA2_9;PA2;TP;UCR;inner;PA2_TP;0,1773477118532564;5,259;6,689;42,78066141285401;56,62362417441371;0,5957144127322842;0,83839762034788;-1,0030922180086943;1,3266384342675137;-0,7070749090024916;0,7588829707867144;-0,4984092950040884;-1,757804848845246;-0,4065570994873495;25,73660469055176;31,82440074907266;0,7222000360488892;0,004748338081671415;0;4,4;365,0182196772514;362,9629629629629;362,9629629629629;33,21403759920844;33,18908748824083;
PAB1_1;PAB1;TP;PAB;outer;PAB1_TP;0,1626556230483578;2,999;3,6086666666666662;64,81285573033016;35,18714426966985;0,0;-0,5135546611667241;-0,5888054565459879;2,6377674668923747;1,9502429829348085;1,640577343291427;-0,934078611445943;-1,873627977506177;-0,1237882200226146;25,71939086914062;26,14365919517879;0,6507498621940613;0,0;0;5,9;365,0182196772514;368,8594783962631;368,8594783962631;33,21403759920844;33,10457262634888;40,24728645587541
PAB1_2;PAB1;TP;PAB;outer;PAB1_TP;-0,1720941421643447;38,77;36,086666666666666;65,39531633374177;33,052039318854064;3,047792333818535;-0,5206303748178938;-0,3209307538269205;2,6377674668923747;1,9502429829348085;1,640577343291427;-0,934078611445943;-1,873627977506177;-0,1237882200226146;25,71939086914062;26,14365919517879;0,6507498621940613;0,0;0;5,9;365,0182196772514;368,8594783962631;368,8594783962631;33,21403759920844;33,10457262634888;40,24728645587541
PAB1_3;PAB1;TP;PAB;outer;PAB1_TP;0,1556195283854109;3,073;4,223333333333334;53,58850020343032;22,286857545292666;24,124642251277024;0,0431609006939653;1,4666413624635828;2,6377674668923747;1,9502429829348085;1,640577343291427;-0,934078611445943;-1,873627977506177;-0,1237882200226146;25,71939086914062;26,14365919517879;0,6507498621940613;0,0;0;5,9;365,0182196772514;368,8594783962631;368,8594783962631;33,21403759920844;33,10457262634888;40,24728645587541
PAB1_4;PAB1;TP;PAB;outer;PAB1_TP;-0,0037202552582915;13,49;14,910000000000002;44,41919071997575;50,5210999239573;5,05970935606696;0,71286389152205;-0,5433317359072013;2,6377674668923747;1,9502429829348085;1,640577343291427;-0,934078611445943;-1,873627977506177;-0,1237882200226146;25,71939086914062;26,14365919517879;0,6507498621940613;0,0;0;5,9;365,0182196772514;368,8594783962631;368,8594783962631;33,21403759920844;33,10457262634888;40,24728645587541
PAB1_5;PAB1;PA;PAB;outer;PAB1_PA;-0,1433099687303988;7,528;7,067666666666667;87,38090237199266;12,488170522557946;0,5619220860573151;-1,8917270517446887;-0,0628822016883014;1,283156178313939;0,0466921211266;2,015951304217749;0,8717864960873418;-1,575299596830298;0,4537355485582434;25,71939086914062;9,571109120626707;0,6507498621940613;0,0;0;14,7;365,0182196772514;368,8594783962631;368,8594783962631;33,21403759920844;130,4435607219333;40,24728645587541
PAB1_6;PAB1;PA;PAB;outer;PAB1_PA;-0,577740842582503;48,84;30,21666666666667;84,19538307965279;15,697334735691816;0,1072821846553966;-1,7064161154861364;-0,1642709382792091;1,283156178313939;0,0466921211266;2,015951304217749;0,8717864960873418;-1,575299596830298;0,4537355485582434;25,71939086914062;9,571109120626707;0,6507498621940613;0,0;0;14,7;365,0182196772514;368,8594783962631;368,8594783962631;33,21403759920844;130,4435607219333;40,24728645587541
PAB1_7;PAB1;PA;PAB;outer;PAB1_PA;0,1320021711830299;4,124;5,589666666666667;79,76331167805218;14,526973452019748;5,709714869928068;-1,464842628416432;0,2740411766500802;1,283156178313939;0,0466921211266;2,015951304217749;0,8717864960873418;-1,575299596830298;0,4537355485582434;25,71939086914062;9,571109120626707;0,6507498621940613;0,0;0;14,7;365,0182196772514;368,8594783962631;368,8594783962631;33,21403759920844;130,4435607219333;40,24728645587541
PAB2_1;PAB2;PA;PAB;outer;PAB2_PA;-0,1091614491405199;17,59;16,046666666666667;76,34000294567728;23,659997054322726;0,0;-1,222617756652471;-0,3423975544607043;1,1993098615522004;-0,4730219318009663;2,048225470286402;1,335127422605649;-1,413746327731224;0,9116748564344718;25,71939086914062;7,332349859382981;0,7046629190444946;0,0;0;16,9;365,0182196772514;368,8594783962631;368,8594783962631;33,21403759920844;131,16579513995694;2,301427530561028
PAB2_2;PAB2;TP;PAB;outer;PAB2_TP;-0,064014237213646;18,64;18,18;40,8433426963025;57,62212277702176;1,534534526675739;0,9523629977977496;-0,955179232863634;0,3209140704851327;-0,6040565571435749;1,639584729960546;-0,630778930221737;-1,807279525478539;0,1498473195779307;25,71939086914062;22,26005337128491;0,7046629190444946;0,0;0;7,3;365,0182196772514;368,8594783962631;368,8594783962631;33,21403759920844;28,14839263317711;2,301427530561028
PAB2_3;PAB2;TP;PAB;outer;PAB2_TP;-0,3563147228704276;11,61;9,241;51,36328496033423;46,23200750409578;2,4047075355699987;0,3004322095393709;-0,6475074943984545;0,3209140704851327;-0,6040565571435749;1,639584729960546;-0,630778930221737;-1,807279525478539;0,1498473195779307;25,71939086914062;22,26005337128491;0,7046629190444946;0,0;0;7,3;365,0182196772514;368,8594783962631;368,8594783962631;33,21403759920844;28,14839263317711;2,301427530561028
PAB2_4;PAB2;TP;PAB;outer;PAB2_TP;0,0287408361439451;10,31;10,613333333333337;56,2619390214338;42,08797612431064;1,650084854255562;0,0032868322609889;-0,6145922560164107;0,3209140704851327;-0,6040565571435749;1,639584729960546;-0,630778930221737;-1,807279525478539;0,1498473195779307;25,71939086914062;22,26005337128491;0,7046629190444946;0,0;0;7,3;365,0182196772514;368,8594783962631;368,8594783962631;33,21403759920844;28,14839263317711;2,301427530561028
PAB2_5;PAB2;TP;PAB;outer;PAB2_TP;-0,1326976268966933;15,53;15,046666666666669;55,806058434794;41,42583891221491;2,7681026529910864;0,0251320304277875;-0,5179615027304377;0,3209140704851327;-0,6040565571435749;1,639584729960546;-0,630778930221737;-1,807279525478539;0,1498473195779307;25,71939086914062;22,26005337128491;0,7046629190444946;0,0;0;7,3;365,0182196772514;368,8594783962631;368,8594783962631;33,21403759920844;28,14839263317711;2,301427530561028
PAB2_6;PAB2;TP;PAB;outer;PAB2_TP;-0,0833127923223534;3,818;3,648666666666667;54,01531238717698;38,157354764035055;7,827332848787958;0,1072420701238592;-0,0748715619152955;0,3209140704851327;-0,6040565571435749;1,639584729960546;-0,630778930221737;-1,807279525478539;0,1498473195779307;25,71939086914062;22,26005337128491;0,7046629190444946;0,0;0;7,3;365,0182196772514;368,8594783962631;368,8594783962631;33,21403759920844;28,14839263317711;2,301427530561028
PAB3_1;PAB3;TP;PAB;outer;PAB3_TP;-0,046327949109726;6,622;6,425333333333334;71,54383216947362;23,726478914790945;4,729688915735427;-0,9538100349669204;0,0050926945587046;0,5511684525511015;0,2608195261147947;1,621772556700263;-0,7164704952432002;-1,824469062742798;0,1165706788556344;25,71939086914062;23,32453195304311;0,7046629190444946;0,0;0;6,9;365,0182196772514;368,8594783962631;368,8594783962631;33,21403759920844;28,14839263317711;2,301427530561028
PAB3_2;PAB3;TP;PAB;outer;PAB3_TP;0,0303523253134245;29,4;29,793333333333333;62,1234172394821;35,577927190735565;3,0037576105986568;-0,3432437555643704;-0,3767979169972953;0,5511684525511015;0,2608195261147947;1,621772556700263;-0,7164704952432002;-1,824469062742798;0,1165706788556344;25,71939086914062;23,32453195304311;0,7046629190444946;0,0;0;6,9;365,0182196772514;368,8594783962631;368,8594783962631;33,21403759920844;28,14839263317711;2,301427530561028
PAB3_4;PAB3;TP;PAB;outer;PAB3_TP;0,2318800563030252;12,05;13,98;32,88743979749888;63,96179948327566;3,150760719225449;1,432791409912492;-0,9714683739455756;0,5511684525511015;0,2608195261147947;1,621772556700263;-0,7164704952432002;-1,824469062742798;0,1165706788556344;25,71939086914062;23,32453195304311;0,7046629190444946;0,0;0;6,9;365,0182196772514;368,8594783962631;368,8594783962631;33,21403759920844;28,14839263317711;2,301427530561028
PAB5_1;PAB5;PA;PAB;outer;PAB5_PA;0,1632928925818837;7,827;9,134;86,87757954206855;13,122420457931446;0,0;-1,8708099364493471;-0,1171430232508706;2,9558323264426973;1,0866815951627142;1,561376427726421;1,074956025387361;-1,302180410952326;0,7423914179780767;25,70938873291016;9,666829308690135;0,6253472566604614;0,001763668430335097;0;15,0;365,0182196772514;368,8594783962631;368,8594783962631;33,21403759920844;33,15089792427894;40,24728645587541
PLE_1;PLE;PA;UCR;inner;PLE_PA;0,1579707048830918;14,13;17,156666666666666;93,83819309984489;6,161806900155138;0,0;-2,2989743472574133;0,0316492279415585;1,261537818601346;-0,292469298736499;-0,4296368729530742;1,616057714494071;-0,5320301337253484;0,3974363507656303;25,75346374511719;13,29711327292238;2,467044353485107;0,006647673314339981;0;6,1;365,0182196772514;363,1619339984651;363,1619339984651;33,21403759920844;;
PLE_2;PLE;PA;UCR;inner;PLE_PA;-0,0017684526806318;8,497;7,957733333333333;63,92592246586952;33,977214384867885;2,096863149262596;-0,4706200622318496;-0,4082550318524757;1,261537818601346;-0,292469298736499;-0,4296368729530742;1,616057714494071;-0,5320301337253484;0,3974363507656303;25,75346374511719;13,29711327292238;2,467044353485107;0,006647673314339981;0;6,1;365,0182196772514;363,1619339984651;363,1619339984651;33,21403759920844;;
PLE_3;PLE;PA;UCR;inner;PLE_PA;0,1324169891842093;11,51;12,953333333333331;73,03160338190929;26,968396618090704;0,0;-1,0191099856520485;-0,4131189376909423;1,261537818601346;-0,292469298736499;-0,4296368729530742;1,616057714494071;-0,5320301337253484;0,3974363507656303;25,75346374511719;13,29711327292238;2,467044353485107;0,006647673314339981;0;6,1;365,0182196772514;363,1619339984651;363,1619339984651;33,21403759920844;;
PLE_4;PLE;PA;UCR;inner;PLE_PA;0,1246302592433132;4,603;5,364999999999999;93,20883987698365;2,5496301212425254;4,241530001773822;-2,2837719440632216;0,4217639201951159;1,261537818601346;-0,292469298736499;-0,4296368729530742;1,616057714494071;-0,5320301337253484;0,3974363507656303;25,75346374511719;13,29711327292238;2,467044353485107;0,006647673314339981;0;6,1;365,0182196772514;363,1619339984651;363,1619339984651;33,21403759920844;;
PLE_5;PLE;PA;UCR;inner;PLE_PA;0,0386904596888042;7,408;7,596;59,24123903329464;40,75876096670535;0,0;-0,1708308537705417;-0,7079060766640344;1,261537818601346;-0,292469298736499;-0,4296368729530742;1,616057714494071;-0,5320301337253484;0,3974363507656303;25,75346374511719;13,29711327292238;2,467044353485107;0,006647673314339981;0;6,1;365,0182196772514;363,1619339984651;363,1619339984651;33,21403759920844;;
PLE_6;PLE;TP;UCR;inner;PLE_TP;0,1736318541269886;5,135;6,388333333333333;21,93617731287773;77,59366076794424;0,4701619191780193;2,1212888915444097;-1,460616341916849;0,1455836677341226;0,454965892504568;-0,7323955548896202;0,1595332971829516;-1,003690774293445;-0,51563544620864;25,75346374511719;29,58933632892454;2,467044353485107;0,006647673314339981;0;2,3;365,0182196772514;363,1619339984651;363,1619339984651;33,21403759920844;33,209606986899566;
PLE_7;PLE;TP;UCR;inner;PLE_TP;0,0327326955820355;16,85;17,616666666666664;39,8920705875137;42,10748119777005;18,000448214716254;0,9196080767526617;0,5911648279396222;0,1455836677341226;0,454965892504568;-0,7323955548896202;0,1595332971829516;-1,003690774293445;-0,51563544620864;25,75346374511719;29,58933632892454;2,467044353485107;0,006647673314339981;0;2,3;365,0182196772514;363,1619339984651;363,1619339984651;33,21403759920844;33,209606986899566;
PNO_1;PNO;RR;ARC;outer;PNO_RR;0,4312992046839606;3,141;5,397333333333333;37,55986402259452;45,422223668005;17,017912309400486;1,0685139855048205;0,4478257187833797;0,8980147305778606;-0,6203624318368456;1,569581413818879;-1,035044394405483;-1,871540262635238;-0,01922919734869406;25,72056198120117;27,80144699694984;0,7046629190444946;0,0;0;5,4;365,0182196772514;368,8594783962631;368,8594783962631;33,21403759920844;28,114986483813546;2,301427530561028
PNO_2;PNO;RR;ARC;outer;PNO_RR;-0,0253861626867115;4,04;3,8533333333333335;29,884846059334198;35,958095673697805;34,157058266967994;1,4456214582704767;1,9144967725160995;0,8980147305778606;-0,6203624318368456;1,569581413818879;-1,035044394405483;-1,871540262635238;-0,01922919734869406;25,72056198120117;27,80144699694984;0,7046629190444946;0,0;0;5,4;365,0182196772514;368,8594783962631;368,8594783962631;33,21403759920844;28,114986483813546;2,301427530561028
SGO_1;SGO;PA;UCR;inner;SGO_PA;0,0661217174250035;25,25;28,923333333333336;54,71848252210893;41,32492233746101;3,9565951404300734;0,0854437185185125;-0,4281286261329547;-0,9468730236626046;-0,6374386189272548;-1,088756193127549;2,753975983106936;1,194597261801119;2,124870978894506;25,74169158935547;9,01467507619611;2,426712989807129;0,01003934337267671;0;8,2;365,0182196772514;363,0342703118984;363,0342703118984;33,21403759920844;;
SGO_2;SGO;PA;UCR;inner;SGO_PA;0,0613998004035893;33,14;36,91333333333333;96,4901278302758;2,945660798412137;0,564211371312073;-2,465228760889377;0,1420207117771038;-0,9468730236626046;-0,6374386189272548;-1,088756193127549;2,753975983106936;1,194597261801119;2,124870978894506;25,74169158935547;9,01467507619611;2,426712989807129;0,01003934337267671;0;8,2;365,0182196772514;363,0342703118984;363,0342703118984;33,21403759920844;;
SGO_3;SGO;PA;UCR;inner;SGO_PA;0,0308063820946644;19,04;20,203333333333333;73,66824476905857;26,134718193904387;0,197037037037037;-1,059363528352914;-0,3807624517799235;-0,9468730236626046;-0,6374386189272548;-1,088756193127549;2,753975983106936;1,194597261801119;2,124870978894506;25,74169158935547;9,01467507619611;2,426712989807129;0,01003934337267671;0;8,2;365,0182196772514;363,0342703118984;363,0342703118984;33,21403759920844;;
SGO_4;SGO;PA;UCR;inner;SGO_PA;-0,0061399068230798;50,8;52,57333333333333;86,41025063078736;10,666009062554826;2,9237403066578183;-1,8582695824118145;0,151051698436943;-0,9468730236626046;-0,6374386189272548;-1,088756193127549;2,753975983106936;1,194597261801119;2,124870978894506;25,74169158935547;9,01467507619611;2,426712989807129;0,01003934337267671;0;8,2;365,0182196772514;363,0342703118984;363,0342703118984;33,21403759920844;;
SGO_5;SGO;PA;UCR;inner;SGO_PA;0,0401582089081029;39,34;41,86333333333334;93,76503718120716;4,751591083088491;1,4833717357043532;-2,302696626538355;0,171223475882022;-0,9468730236626046;-0,6374386189272548;-1,088756193127549;2,753975983106936;1,194597261801119;2,124870978894506;25,74169158935547;9,01467507619611;2,426712989807129;0,01003934337267671;0;8,2;365,0182196772514;363,0342703118984;363,0342703118984;33,21403759920844;;
SGO_6;SGO;TP;UCR;inner;SGO_TP;0,1371332263510329;8,217;8,485;33,65313992944848;51,76474553195698;14,58211453859454;1,3223277101752866;0,1325560363988929;-1,4742980841344973;2,5186838095052493;-1,464425699680179;0,946689052032886;0,1129164296052011;0,03088183446184392;25,74169158935547;24,73399150261123;2,426712989807129;0,01003934337267671;0;3,2;365,0182196772514;363,0342703118984;363,0342703118984;33,21403759920844;15,872647686033895;
SGO_7;SGO;TP;UCR;inner;SGO_TP;0,028467508950817;34,82;35,57;27,43191283028655;64,92091866399277;7,647168505720692;1,743450817366798;-0,660268678435908;-1,4742980841344973;2,5186838095052493;-1,464425699680179;0,946689052032886;0,1129164296052011;0,03088183446184392;25,74169158935547;24,73399150261123;2,426712989807129;0,01003934337267671;0;3,2;365,0182196772514;363,0342703118984;363,0342703118984;33,21403759920844;15,872647686033895;
SGO_8;SGO;TP;UCR;inner;SGO_TP;0,2072828129693498;9,48;11,65;26,26677966055682;70,36332638119205;3,3698939582511205;1,8388298039548;-1,0921438513534538;-1,4742980841344973;2,5186838095052493;-1,464425699680179;0,946689052032886;0,1129164296052011;0,03088183446184392;25,74169158935547;24,73399150261123;2,426712989807129;0,01003934337267671;0;3,2;365,0182196772514;363,0342703118984;363,0342703118984;33,21403759920844;15,872647686033895;
SGO_9;SGO;TP;UCR;inner;SGO_TP;0,0839827062654251;5,484;5,3933333333333335;24,80260792989769;72,69463302019336;2,502759049908945;1,9337010973860096;-1,2059475427015451;-1,4742980841344973;2,5186838095052493;-1,464425699680179;0,946689052032886;0,1129164296052011;0,03088183446184392;25,74169158935547;24,73399150261123;2,426712989807129;0,01003934337267671;0;3,2;365,0182196772514;363,0342703118984;363,0342703118984;33,21403759920844;15,872647686033895;
SIR_1;SIR;RR;ARC;outer;SIR_RR;0,1600277877676015;23,25;26,036666666666672;19,73024874243252;45,6861510000625;34,583600257504976;2,067891335535676;1,7380130251975612;-1,9018880931021995;3,1641516893864576;1,465137874375434;-1,537505841445525;-1,967881315997922;-0,2057325668270312;25,72056198120117;36,44262944416626;0,7046629190444946;0,0;0;3,1;365,0182196772514;368,8594783962631;368,8594783962631;33,21403759920844;28,114986483813546;2,301427530561028
SIR_2;SIR;RR;ARC;outer;SIR_RR;0,5727370403922565;4,787;10,469;21,853715139221965;76,59844176135385;1,547843099424174;2,1203877918308507;-1,359841179480137;-1,9018880931021995;3,1641516893864576;1,465137874375434;-1,537505841445525;-1,967881315997922;-0,2057325668270312;25,72056198120117;36,44262944416626;0,7046629190444946;0,0;0;3,1;365,0182196772514;368,8594783962631;368,8594783962631;33,21403759920844;28,114986483813546;2,301427530561028
TIM1_1;TIM1;PA;TIM;inner;TIM1_PA;0,4824804708130609;3,97;6,889333333333333;46,04846432386473;48,4687481026676;5,482787573467674;0,6102981681431792;-0,4682493418431369;1,971115350383335;-0,1092540164785684;-0,005575142521550715;0,5137658028730178;0,196079633319646;0,02700027226644943;25,67053413391113;16,19803414882298;0,8262255191802979;0,005019671686338353;0;9,5;365,0182196772514;368,75;368,75;33,21403759920844;28,091522285411983;
TIM1_2;TIM1;PA;TIM;inner;TIM1_PA;0,0527899550649828;9,115;9,624333333333334;86,55899551453314;13,441004485466856;0,0;-1,8512130515899423;-0,1239531750079648;1,971115350383335;-0,1092540164785684;-0,005575142521550715;0,5137658028730178;0,196079633319646;0,02700027226644943;25,67053413391113;16,19803414882298;0,8262255191802979;0,005019671686338353;0;9,5;365,0182196772514;368,75;368,75;33,21403759920844;28,091522285411983;
TIM1_3;TIM1;PA;TIM;inner;TIM1_PA;0,087362705479296;45,15;52,56666666666667;67,63493628931806;32,00966106980413;0,3554026408778128;-0,6891177422799575;-0,4946643616908175;1,971115350383335;-0,1092540164785684;-0,005575142521550715;0,5137658028730178;0,196079633319646;0,02700027226644943;25,67053413391113;16,19803414882298;0,8262255191802979;0,005019671686338353;0;9,5;365,0182196772514;368,75;368,75;33,21403759920844;28,091522285411983;
TIM1_4;TIM1;PA;TIM;inner;TIM1_PA;0,0526802578289131;17,28;18,42;81,49224204236185;17,33877647615667;1,1689814814814812;-1,5460242440578738;-0,1210368512425942;1,971115350383335;-0,1092540164785684;-0,005575142521550715;0,5137658028730178;0,196079633319646;0,02700027226644943;25,67053413391113;16,19803414882298;0,8262255191802979;0,005019671686338353;0;9,5;365,0182196772514;368,75;368,75;33,21403759920844;28,091522285411983;
TIM1_5;TIM1;PA;TIM;inner;TIM1_PA;0,0987671125904254;29,03;33,916666666666664;55,97008862529745;31,10076873686252;12,92914263784002;-0,0412801690922243;0,4523351454808558;1,971115350383335;-0,1092540164785684;-0,005575142521550715;0,5137658028730178;0,196079633319646;0,02700027226644943;25,67053413391113;16,19803414882298;0,8262255191802979;0,005019671686338353;0;9,5;365,0182196772514;368,75;368,75;33,21403759920844;28,091522285411983;
TIM1_6;TIM1;TP;TIM;inner;TIM1_TP;0,1639631413791802;22,16;25,87666666666667;41,933013516997725;58,06698648300227;0,0;0,8938405460716694;-1,0778921155871315;-0,8157940567286442;0,5776915598819882;-0,2262905152707964;-0,5480611532655303;-0,1940317629528358;-0,7282031154608534;25,67053413391113;28,94249655457412;0,8262255191802979;0,005019671686338353;0;4,7;365,0182196772514;368,75;368,75;33,21403759920844;28,091522285411983;
TIM1_7;TIM1;TP;TIM;inner;TIM1_TP;0,0922936868776114;27,92;32,14;27,148255730094565;71,12551834177361;1,7262259281318244;1,7937188452793962;-1,229690872152912;-0,8157940567286442;0,5776915598819882;-0,2262905152707964;-0,5480611532655303;-0,1940317629528358;-0,7282031154608534;25,67053413391113;28,94249655457412;0,8262255191802979;0,005019671686338353;0;4,7;365,0182196772514;368,75;368,75;33,21403759920844;28,091522285411983;
TIM2_1;TIM2;PA;TIM;inner;TIM2_PA;0,2467211788388564;6,209;8,242333333333333;60,099556644398206;39,90044335560179;0,0;-0,2236280750490854;-0,6895584111121188;0,4782140603172463;-1,2379144341248025;0,1005470196120697;1,024302839752651;0,3846487566575754;0,3920448265303909;25,67053413391113;12,17332270427219;0,8262255191802979;0,005019671686338353;0;11,9;365,0182196772514;368,75;368,75;33,21403759920844;;
TIM2_2;TIM2;PA;TIM;inner;TIM2_PA;0,1902756294627852;5,5;6,232333333333334;62,41395955133114;35,6604741056268;1,925566343042071;-0,3766660228866287;-0,456873564135792;0,4782140603172463;-1,2379144341248025;0,1005470196120697;1,024302839752651;0,3846487566575754;0,3920448265303909;25,67053413391113;12,17332270427219;0,8262255191802979;0,005019671686338353;0;11,9;365,0182196772514;368,75;368,75;33,21403759920844;;
TIM2_3;TIM2;PA;TIM;inner;TIM2_PA;-0,0024838600509673;20,18;19,15333333333333;89,1542042905429;10,8457957094571;0,0;-2,010850708138588;-0,0684771809893855;0,4782140603172463;-1,2379144341248025;0,1005470196120697;1,024302839752651;0,3846487566575754;0,3920448265303909;25,67053413391113;12,17332270427219;0,8262255191802979;0,005019671686338353;0;11,9;365,0182196772514;368,75;368,75;33,21403759920844;;
TIM2_4;TIM2;PA;TIM;inner;TIM2_PA;-0,075670122551094;24,28;22,383333333333336;52,70986007983745;27,54087390108341;19,749266019079148;0,1214607717045635;1,0315562945411798;0,4782140603172463;-1,2379144341248025;0,1005470196120697;1,024302839752651;0,3846487566575754;0,3920448265303909;25,67053413391113;12,17332270427219;0,8262255191802979;0,005019671686338353;0;11,9;365,0182196772514;368,75;368,75;33,21403759920844;;
TIM2_5;TIM2;PA;TIM;inner;TIM2_PA;0,0606332007699743;18,15;19,39;60,67897055831088;28,536036656696336;10,784992784992786;-0,3190500953442483;0,3489847123861481;0,4782140603172463;-1,2379144341248025;0,1005470196120697;1,024302839752651;0,3846487566575754;0,3920448265303909;25,67053413391113;12,17332270427219;0,8262255191802979;0,005019671686338353;0;11,9;365,0182196772514;368,75;368,75;33,21403759920844;;
TIM2_6;TIM2;PA;TIM;inner;TIM2_PA;0,4318321229320673;4,701;6,686;66,17284262566528;29,709825416742508;4,117331957592211;-0,6200330219401823;-0,1679830527051437;0,4782140603172463;-1,2379144341248025;0,1005470196120697;1,024302839752651;0,3846487566575754;0,3920448265303909;25,67053413391113;12,17332270427219;0,8262255191802979;0,005019671686338353;0;11,9;365,0182196772514;368,75;368,75;33,21403759920844;;
TIM2_7;TIM2;TP;TIM;inner;TIM2_TP;-0,0969611643152323;24,45;23,36;14,731825614989006;79,09963628847244;6,168538096538562;2,532860327117524;-1,0724366423523473;0,4817894585820502;-0,386743702812933;-0,1654596833635809;-0,2554135851380621;-0,08773028301945203;-0,5224176948523139;25,67053413391113;24,69917399074834;0,8262255191802979;0,005019671686338353;0;6,0;365,0182196772514;368,75;368,75;33,21403759920844;28,091522285411983;
TIM2_8;TIM2;TP;TIM;inner;TIM2_TP;-0,0533493917418861;40,71;40,91;23,111601705033312;76,30700082753478;0,581397467431903;2,0483690795870464;-1,4249063978879242;0,4817894585820502;-0,386743702812933;-0,1654596833635809;-0,2554135851380621;-0,08773028301945203;-0,5224176948523139;25,67053413391113;24,69917399074834;0,8262255191802979;0,005019671686338353;0;6,0;365,0182196772514;368,75;368,75;33,21403759920844;28,091522285411983;
TIM2_9;TIM2;TP;TIM;inner;TIM2_TP;0,1221559878758439;4,347;4,8693333333333335;58,39101826008388;39,05294606084925;2,5560356790668823;-0,1326997079783066;-0,4828820842757685;0,4817894585820502;-0,386743702812933;-0,1654596833635809;-0,2554135851380621;-0,08773028301945203;-0,5224176948523139;25,67053413391113;24,69917399074834;0,8262255191802979;0,005019671686338353;0;6,0;365,0182196772514;368,75;368,75;33,21403759920844;28,091522285411983;
TIM3_1;TIM3;PA;TIM;inner;TIM3_PA;0,2809479639263477;8,073;11,501;59,61177590265422;35,77100051679702;4,617223580548765;-0,2192165991468994;-0,2606713850547217;0,812377614313888;0,0412784544581118;0,03900880724996283;0,7282521754751795;0,2753306188769119;0,1804195605657608;25,67053413391113;14,37573744464772;0,8262255191802979;0,005019671686338353;0;10,5;365,0182196772514;368,75;368,75;33,21403759920844;;
TIM3_2;TIM3;PA;TIM;inner;TIM3_PA;0,0241805358467106;26,64;26,786666666666672;76,45072147761549;4,613457755065331;18,935820767319186;-1,3343889377561504;1,4616516682702756;0,812377614313888;0,0412784544581118;0,03900880724996283;0,7282521754751795;0,2753306188769119;0,1804195605657608;25,67053413391113;14,37573744464772;0,8262255191802979;0,005019671686338353;0;10,5;365,0182196772514;368,75;368,75;33,21403759920844;;
TIM3_3;TIM3;PA;TIM;inner;TIM3_PA;0,4160932067000088;2,648;4,341;35,7825103735106;64,2174896264894;0,0;1,272173078505148;-1,2093671933355823;0,812377614313888;0,0412784544581118;0,03900880724996283;0,7282521754751795;0,2753306188769119;0,1804195605657608;25,67053413391113;14,37573744464772;0,8262255191802979;0,005019671686338353;0;10,5;365,0182196772514;368,75;368,75;33,21403759920844;;
TIM3_4;TIM3;TP;TIM;inner;TIM3_TP;0,3577492537895694;5,486;8,336666666666666;61,86648049148271;36,35869875265388;1,77482075586341;-0,3421536655456689;-0,4829196056371216;-0,8615673832297658;-1,9479705722201317;-0,1840956221024029;-0,3450681563595653;-0,1205560121970835;-0,5859639078479759;25,67053413391113;25,93095231566542;0,8262255191802979;0,005019671686338353;0;5,6;365,0182196772514;368,75;368,75;33,21403759920844;28,091522285411983;
TIM3_5;TIM3;PA;TIM;inner;TIM3_PA;0,0228805757462371;8,329;9,436;77,75636430836332;10,46390418915181;11,779731502484886;-1,3750362701245764;0,8086826102793904;0,812377614313888;0,0412784544581118;0,03900880724996283;0,7282521754751795;0,2753306188769119;0,1804195605657608;25,67053413391113;14,37573744464772;0,8262255191802979;0,005019671686338353;0;10,5;365,0182196772514;368,75;368,75;33,21403759920844;;
TIM3_6;TIM3;PA;TIM;inner;TIM3_PA;0,0838967281155222;23,92;24,473333333333333;80,4074861138241;19,592513886175883;0,0;-1,472818621806904;-0,2554497628253318;0,812377614313888;0,0412784544581118;0,03900880724996283;0,7282521754751795;0,2753306188769119;0,1804195605657608;25,67053413391113;14,37573744464772;0,8262255191802979;0,005019671686338353;0;10,5;365,0182196772514;368,75;368,75;33,21403759920844;;
